Ticker,Company,Industry,PreviousClose,Open,Bid,Ask,DaysRange,ftWeekRange,Volume,AvgVolume,MarketCap,Beta,PERatioTTM,EPSTTM,EarningsDate,ForwardDividendYield,ExDividendDate,OneyTargetEst,ticker_company
MMM,"3M Company",Industrials,204.78,203.81,"202.01 x 800","202.49 x 800","201.00 - 204.13","190.57 - 259.77","1,893,208","2,417,056",118.47,1.12,27.94,7.23,23-Oct-18,"5.44 (2.63%)",5/17/2018,209.85,NULL
ABT,"Abbott Laboratories","Health Care",64.64,64.44,"63.40 x 800","64.58 x 3200","63.87 - 64.60","48.06 - 65.90","3,841,171","5,029,853",112.33,1.75,122.66,0.52,"Oct 16, 2018 - Oct 22, 2018","1.12 (1.73%)",7/12/2018,71,NULL
ABBV,"AbbVie Inc.","Health Care",95.47,95.35,"95.45 x 1100","96.28 x 800","95.31 - 96.74","69.47 - 125.86","4,446,764","8,370,525",145.07,1.62,23.78,4.03,"Oct 25, 2018 - Oct 29, 2018","3.84 (4.10%)",7/12/2018,109.35,NULL
ABMD,"ABIOMED Inc","Health Care",380.75,379.46,"376.13 x 4000","385.50 x 1000","377.19 - 387.79","144.01 - 450.93","339,801","918,034",16.96,-0.17,105.33,3.59,"Oct 24, 2018 - Oct 29, 2018","N/A (N/A)",N/A,448.22,NULL
ACN,"Accenture plc","Information Technology",160.64,160.05,"157.50 x 1100","163.88 x 800","159.88 - 161.47","127.26 - 168.95","1,354,245","2,133,301",102.96,1.09,25.74,6.24,"Sep 26, 2018 - Oct 1, 2018","2.66 (1.61%)",4/11/2018,171.88,NULL
ATVI,"Activision Blizzard","Information Technology",70.5,70.1,"70.65 x 900","70.90 x 1200","69.77 - 71.04","57.29 - 81.64","4,629,018","5,349,990",53.83,0.65,107.47,0.66,"Oct 31, 2018 - Nov 5, 2018","0.34 (0.49%)",3/28/2018,80.69,NULL
ADBE,"Adobe Systems Inc","Information Technology",253.8,252,"253.51 x 800","254.70 x 800","251.50 - 254.95","143.95 - 263.83","1,521,856","2,832,251",124.23,0.78,58.47,4.34,9/13/2018,"N/A (N/A)",3/24/2005,273.46,NULL
AMD,"Advanced Micro Devices Inc","Information Technology",19.1,19.09,"19.05 x 1100","19.07 x 1000","18.85 - 19.48","9.04 - 20.18",62393296,66436929,18.58,3.6,65.95,0.29,"Oct 22, 2018 - Oct 26, 2018","N/A (N/A)",34816,17.96,NULL
AAP,"Advance Auto Parts","Consumer Discretionary",147.79,146.84,"146.33 x 800","147.75 x 800","145.12 - 147.91","78.81 - 148.70","1,006,388","954,685",10.83,0.98,21.52,6.8,8/14/2018,"0.24 (0.16%)",6/21/2018,135.13,NULL
AET,"Aetna Inc","Health Care",193.78,193.29,"190.50 x 1000","195.25 x 800","193.20 - 194.57","149.69 - 194.88","1,360,223","1,912,042",63.63,0.77,18.34,10.61,"Oct 29, 2018 - Nov 2, 2018","2.00 (1.03%)",7/24/2018,203,NULL
AMG,"Affiliated Managers Group Inc",Financials,151.19,149.71,"148.18 x 1400","180.00 x 900","146.19 - 149.71","145.00 - 217.00","407,253","494,551",7.92,1.75,11.7,12.66,"Oct 29, 2018 - Nov 2, 2018","1.20 (0.77%)",8/8/2018,191.88,NULL
AFL,"AFLAC Inc",Financials,46.76,46.59,"45.80 x 800","46.88 x 2200","46.22 - 46.65","39.58 - 47.08","2,491,520","2,955,064",35.69,0.84,7.54,6.16,10/24/2018,"1.04 (2.22%)",8/21/2018,47.2,NULL
A,"Agilent Technologies Inc","Health Care",66.69,66.82,"66.30 x 1100","67.10 x 1800","65.93 - 66.87","58.69 - 75.00","2,165,931","2,759,504",21.2,1.45,90.89,0.73,8/14/2018,"0.60 (0.88%)",7/2/2018,77.36,NULL
APD,"Air Products & Chemicals Inc",Materials,160.48,159.91,"154.80 x 800","174.07 x 800","157.35 - 159.94","143.79 - 175.17","923,834","1,005,946",34.62,0.96,23,6.86,"Oct 24, 2018 - Oct 29, 2018","4.40 (2.74%)",9/28/2018,189.5,NULL
AKAM,"Akamai Technologies Inc","Information Technology",76.84,75.9,"74.50 x 1200","78.92 x 800","74.58 - 76.87","44.65 - 83.08","1,667,136",2228257,12.74,-0.15,69.91,1.07,"Oct 22, 2018 - Oct 26, 2018","N/A (N/A)",N/A,80.23,NULL
ALK,"Alaska Air Group Inc",Industrials,63.75,63.56,"61.75 x 900","64.64 x 800","62.57 - 63.56","57.53 - 85.70","973,011",1962090,7.79,0.48,9.24,6.84,10/25/2018,"1.28 (2.00%)",5/21/2018,75.46,NULL
ALB,"Albemarle Corp",Materials,100.76,100.05,"98.50 x 900","101.00 x 800","98.21 - 100.80","86.75 - 144.99","1,340,089",1570534,10.91,1.57,32.88,3,"Nov 6, 2018 - Nov 12, 2018","1.34 (1.36%)",9/13/2018,126.1,NULL
ARE,"Alexandria Real Estate Equities Inc","Real Estate",126.47,126.2,"120.00 x 800","132.50 x 1800","125.03 - 126.72","114.00 - 134.37","411,887",677737,13.24,1.13,44.85,2.79,"Oct 29, 2018 - Nov 2, 2018","3.72 (2.93%)",6/28/2018,136.67,NULL
ALGN,"Align Technology","Health Care",366.87,363.71,"363.10 x 1000","366.25 x 800","363.65 - 369.67","165.18 - 385.00","352,375",909745,29.28,1.82,101.03,3.61,"Oct 24, 2018 - Oct 29, 2018","N/A (N/A)",N/A,409.4,NULL
ALLE,Allegion,Industrials,82.56,82.19,"81.10 x 900","83.79 x 800","81.46 - 82.39","73.85 - 89.81","460,560",685023,7.77,1.12,28.3,2.89,"Oct 24, 2018 - Oct 29, 2018","0.84 (1.07%)",6/14/2018,92.43,NULL
ADS,"Alliance Data Systems","Information Technology",230.61,229.59,"226.00 x 800","259.45 x 1300","226.55 - 230.91","192.02 - 278.33","242,900",509292,12.54,1.84,14.31,15.95,"Oct 17, 2018 - Oct 22, 2018","2.28 (0.99%)",8/13/2018,269.05,NULL
LNT,"Alliant Energy Corp",Utilities,42.78,42.98,"37.66 x 27000","45.40 x 2200","42.63 - 43.20","36.84 - 45.55","1,595,656",1490389,9.99,0.17,20.43,2.09,"Oct 31, 2018 - Nov 5, 2018","1.34 (3.16%)",7/30/2018,42.43,NULL
ALL,"Allstate Corp",Financials,99.48,98.92,"96.75 x 800","101.00 x 1000","98.25 - 99.07","85.59 - 105.36","1,227,566",1846428,34.15,0.87,10.36,9.52,10/31/2018,"1.84 (1.85%)",8/30/2018,108.38,NULL
GOOGL,"Alphabet Inc Class A","Information Technology",1264.46,1259.18,"1,251.05 x 800","1,253.34 x 900","1,247.16 - 1,261.20","918.60 - 1,291.44","1,231,583",1831457,865.95,1.26,54.09,23.16,"Oct 24, 2018 - Oct 29, 2018","N/A (N/A)",N/A,1375.58,NULL
GOOG,"Alphabet Inc Class C","Information Technology",1249.1,1243,"1,236.20 x 800","1,238.00 x 900","1,232.00 - 1,245.69","903.40 - 1,273.89","919,837",1457685,865.03,1.27,53.45,23.16,N/A,"N/A (N/A)",N/A,1354,NULL
MO,"Altria Group Inc","Consumer Staples",59.22,59.21,"58.85 x 4000","59.09 x 800","58.86 - 59.45","53.91 - 74.38","4,284,202",7576479,111.32,0.43,10.61,5.57,10/25/2018,"2.80 (4.78%)",6/14/2018,67.24,NULL
AMZN,"Amazon.com Inc.","Consumer Discretionary",1898.52,1888.51,"1,887.56 x 800","1,888.75 x 1100","1,878.21 - 1,899.17","931.75 - 1,914.57","3,457,412",3989334,920.03,1.61,149.39,12.63,"Oct 24, 2018 - Oct 29, 2018","N/A (N/A)",N/A,2091.29,NULL
AEE,"Ameren Corp",Utilities,62.83,62.99,"61.90 x 2200","64.89 x 900","62.70 - 63.41","51.89 - 64.89","937,973",1506631,15.32,0.12,24.9,2.52,"Nov 1, 2018 - Nov 5, 2018","1.83 (2.92%)",6/12/2018,62.91,NULL
AAL,"American Airlines Group",Industrials,37.92,37.75,"36.70 x 800","37.34 x 1800","36.44 - 37.75","35.64 - 59.08","6,948,066",6350596,17.16,1.31,12.13,3.07,"Oct 24, 2018 - Oct 29, 2018","0.40 (1.05%)",8/6/2018,51.6,NULL
AEP,"American Electric Power",Utilities,70.98,71.18,"70.22 x 2200","71.40 x 1000","70.81 - 71.79","62.71 - 78.07","1,796,184",3032046,34.92,-0.02,18.12,3.91,"Oct 24, 2018 - Oct 29, 2018","2.48 (3.50%)",8/9/2018,74.56,NULL
AXP,"American Express Co",Financials,102.99,102.09,"101.40 x 1100","101.89 x 1400","101.17 - 102.20","83.97 - 104.24","2,473,754",3380590,87.47,0.94,26.81,3.79,"Oct 16, 2018 - Oct 22, 2018","1.40 (1.36%)",7/5/2018,111.32,NULL
AMT,"American Tower Corp A","Real Estate",150.57,150.16,"149.19 x 800","155.50 x 1000","149.08 - 151.39","130.37 - 155.28","1,259,984",2023784,65.76,0.87,59.15,2.52,"Oct 29, 2018 - Nov 2, 2018","3.08 (2.06%)",6/18/2018,162.15,NULL
AWK,"American Water Works Company Inc",Utilities,88.22,88.3,"84.56 x 800","90.88 x 1100","87.63 - 88.79","76.04 - 92.37","366,899",761456,15.82,-0.07,33.45,2.62,"Oct 30, 2018 - Nov 5, 2018","1.82 (2.07%)",8/9/2018,92.82,NULL
AMP,"Ameriprise Financial",Financials,139.66,137.77,"134.22 x 800","180.00 x 1400","134.17 - 137.94","129.87 - 183.90","1,150,140",1054615,19.45,1.95,12.03,11.4,"Oct 22, 2018 - Oct 26, 2018","3.60 (2.54%)",8/3/2018,169.1,NULL
ABC,"AmerisourceBergen Corp","Health Care",83.24,83,"77.00 x 800","85.00 x 800","81.65 - 83.08","71.90 - 106.27","1,254,984",1363020,17.74,1.1,16.81,4.88,"Oct 31, 2018 - Nov 5, 2018","1.52 (1.84%)",5/18/2018,99.83,NULL
AME,"AMETEK Inc.",Industrials,76.66,76.21,"70.00 x 1000","78.96 x 1100","75.57 - 76.32","61.77 - 79.32","1,452,965",1134578,17.6,1.04,23,3.3,"Oct 31, 2018 - Nov 5, 2018","0.56 (0.73%)",9/13/2018,86.5,NULL
AMGN,"Amgen Inc.","Health Care",193.97,193.3,"192.60 x 800","195.36 x 900","192.26 - 195.16","163.31 - 201.23","1,519,481",2821687,125.84,1.69,58.24,3.34,"Oct 23, 2018 - Oct 29, 2018","5.28 (2.69%)",8/16/2018,204.26,NULL
APH,"Amphenol Corp","Information Technology",94.32,93.86,"93.11 x 2200","0.00 x 800","93.56 - 94.21","77.71 - 95.90","807,410",1146957,28.16,1,40.83,2.3,10/24/2018,"0.92 (0.97%)",9/14/2018,101,NULL
APC,"Anadarko Petroleum Corp",Energy,66.06,65.79,"66.50 x 800","66.85 x 800","65.74 - 67.22","39.96 - 76.70","6,783,082",4638456,34.22,1.86,85.01,0.79,"Oct 29, 2018 - Nov 2, 2018","1.00 (1.53%)",6/12/2018,86.26,NULL
ADI,"Analog Devices, Inc.","Information Technology",97.74,95.33,"94.94 x 800","95.90 x 900","94.08 - 96.71","76.41 - 103.59","2,511,572",2214417,35.21,1.09,33.42,2.84,8/22/2018,"1.92 (1.95%)",6/7/2018,108.26,NULL
ANDV,Andeavor,Energy,149.92,149.37,"149.90 x 1000","150.50 x 800","149.34 - 150.71","89.58 - 152.97","682,635",1416075,22.7,0.98,11,13.66,"Nov 6, 2018 - Nov 12, 2018","2.36 (1.56%)",5/30/2018,154.15,NULL
ANSS,ANSYS,"Information Technology",172.01,171.16,"171.54 x 1000","186.32 x 800","170.06 - 171.95","119.20 - 184.95","308,565",482839,14.46,1.02,48.9,3.51,"Oct 30, 2018 - Nov 5, 2018","N/A (N/A)",N/A,184,NULL
ANTM,"Anthem Inc.","Health Care",261.13,260.24,"251.25 x 1800","265.20 x 1100","259.15 - 262.14","179.40 - 267.95","700,464",1195310,67.6,1.05,15.83,16.43,10/31/2018,"3.00 (1.15%)",9/7/2018,289.61,NULL
AON,"Aon plc",Financials,142.98,142.21,"0.00 x 1200","154.50 x 800","141.14 - 142.21","130.87 - 152.78","659,597",846889,34.4,0.81,42.67,3.32,"Oct 25, 2018 - Oct 29, 2018","1.60 (1.11%)",8/9/2018,155.38,NULL
AOS,"A.O. Smith Corp",Industrials,58.13,57.81,"56.00 x 1300","60.50 x 900","57.31 - 57.93","53.42 - 68.39","1,142,479",1293973,9.8,1.49,30.29,1.9,"Oct 23, 2018 - Oct 29, 2018","0.72 (1.23%)",7/30/2018,69.07,NULL
APA,"Apache Corporation",Energy,43.29,42.89,"43.95 x 800","44.20 x 800","42.53 - 44.22","33.60 - 49.59","3,490,264",3726982,16.89,1.65,19.73,2.24,"Oct 31, 2018 - Nov 5, 2018","1.00 (2.17%)",7/20/2018,49.29,NULL
AIV,"Apartment Investment & Management","Real Estate",43.22,43.22,"0.00 x 800","0.00 x 1800","42.86 - 43.38","37.97 - 46.72","551,413",876229,7.14,0.71,18.45,2.33,"Oct 24, 2018 - Oct 29, 2018","1.52 (3.53%)",8/16/2018,44.46,NULL
AAPL,"Apple Inc.","Information Technology",208.15,207.36,"207.65 x 1100","207.75 x 900","206.67 - 209.09","149.16 - 209.78","22,841,593",23355440,1000.2,1.14,18.8,11.04,"Oct 31, 2018 - Nov 5, 2018","2.92 (1.41%)",8/10/2018,215.74,NULL
AMAT,"Applied Materials Inc.","Information Technology",49.16,48.18,"48.15 x 1800","48.29 x 1800","47.90 - 48.66","41.98 - 62.40","7,360,103",12845115,48.52,1.33,16.16,2.98,8/16/2018,"0.80 (1.59%)",8/22/2018,66.35,NULL
APTV,"Aptiv Plc","Consumer Discretionary",96.72,95.9,"93.00 x 900","102.60 x 900","93.35 - 96.02","76.34 - 103.23","1,548,733",1359698,25.03,1.66,19.02,4.97,"Oct 31, 2018 - Nov 5, 2018","0.88 (0.93%)",5/8/2018,104.97,NULL
ADM,"Archer-Daniels-Midland Co","Consumer Staples",50.24,49.99,"49.33 x 4000","50.52 x 900","49.74 - 50.18","38.59 - 50.60","1,809,547",3562014,27.91,0.84,14.56,3.42,11/6/2018,"1.34 (2.68%)",8/15/2018,53.09,NULL
AJG,"Arthur J. Gallagher & Co.",Financials,71.36,71.02,"67.00 x 1100","75.00 x 800","70.57 - 71.04","57.19 - 73.11","645,569",897353,12.94,1.22,23.62,3,"Oct 24, 2018 - Oct 29, 2018","1.64 (2.29%)",9/6/2018,76.62,NULL
AIZ,"Assurant Inc.",Financials,105.95,104.92,"0.00 x 800","110.00 x 800","104.15 - 107.18","84.34 - 111.43","796,696",893140,6.71,0.38,13.88,7.66,"Oct 31, 2018 - Nov 5, 2018","2.24 (2.08%)",8/24/2018,120,NULL
T,"AT&T Inc.","Telecommunication Services",32.49,32.39,"32.26 x 1300","32.27 x 1300","32.16 - 32.40","30.13 - 39.80","21,480,917",43253003,234.27,0.43,6.3,5.12,"Oct 22, 2018 - Oct 26, 2018","2.00 (6.17%)",7/9/2018,35.91,NULL
ADP,"Automatic Data Processing","Information Technology",138.37,137.77,"138.00 x 800","141.00 x 1400","137.77 - 139.98","102.81 - 141.52","1,891,058",2141228,61.02,0.82,38.06,3.66,"Oct 31, 2018 - Nov 5, 2018","2.76 (2.00%)",9/13/2018,145.17,NULL
AZO,"AutoZone Inc","Consumer Discretionary",736.29,734.85,"733.00 x 900","797.00 x 0","722.00 - 741.10","497.29 - 797.89","252,968",313007,19.54,0.82,15.03,49.18,"Sep 17, 2018 - Sep 21, 2018","N/A (N/A)",N/A,748.78,NULL
AVB,"AvalonBay Communities, Inc.","Real Estate",178.89,178.89,"172.50 x 3000","0.00 x 1000","177.16 - 179.53","152.65 - 193.41","479,219",707923,24.49,0.48,28.09,6.31,"Oct 29, 2018 - Nov 2, 2018","5.88 (3.30%)",6/28/2018,187.44,NULL
AVY,"Avery Dennison Corp",Materials,111.44,111.02,"0.00 x 900","116.67 x 1300","109.63 - 111.56","91.77 - 123.67","538,826",648145,9.63,1.51,36.67,3,"Oct 23, 2018 - Oct 29, 2018","2.08 (1.87%)",9/4/2018,126.63,NULL
BLL,"Ball Corp",Materials,41.25,41.01,"39.00 x 3200","42.38 x 4000","40.28 - 41.05","34.71 - 43.24","2,721,881",2651395,13.87,0.57,31.97,1.26,"Oct 31, 2018 - Nov 5, 2018","0.40 (0.96%)",8/31/2018,45.25,NULL
BAC,"Bank of America Corp",Financials,31.6,31.23,"31.21 x 1100","31.22 x 1000","30.90 - 31.33","22.75 - 33.05","55,679,339",61881804,311.53,1.67,16.38,1.9,10/15/2018,"0.60 (1.89%)",9/6/2018,34.57,NULL
BK,"The Bank of New York Mellon Corp.",Financials,52.29,51.63,"51.02 x 4000","52.14 x 1100","50.56 - 51.67","49.39 - 58.99","13,594,960",4955429,51.02,1,12.26,4.16,"Oct 17, 2018 - Oct 22, 2018","1.12 (2.11%)",7/30/2018,59.75,NULL
BAX,"Baxter International Inc.","Health Care",72.07,71.95,"70.00 x 1300","74.83 x 1300","71.19 - 71.95","59.62 - 76.51","2,341,598",2913512,38.2,1.06,43.54,1.64,11/1/2018,"0.76 (1.05%)",8/30/2018,79.54,NULL
BBT,"BB&T Corporation",Financials,51.2,50.56,"50.39 x 1800","52.50 x 800","50.37 - 50.93","43.03 - 56.31","2,589,596",3737457,39.3,1.14,14.75,3.44,10/18/2018,"1.62 (3.11%)",8/9/2018,56.49,NULL
BDX,"Becton Dickinson","Health Care",251.5,250.53,"239.80 x 800","0.00 x 1100","248.67 - 251.78","191.53 - 253.77","1,345,504",1083618,66.71,1.12,102.23,2.44,"Oct 31, 2018 - Nov 5, 2018","3.00 (1.19%)",9/6/2018,265.47,NULL
BRK.B,"Berkshire Hathaway",Financials,209.1,207.3,"206.54 x 800","206.95 x 1300","205.59 - 207.77","172.61 - 217.62","4,383,121",4146050,511.72,0.85,12.83,16.11,N/A,"N/A (N/A)",N/A,239.5,NULL
BBY,"Best Buy Co. Inc.","Consumer Discretionary",78.68,78.24,"78.51 x 800","78.99 x 1100","78.00 - 79.25","51.61 - 79.90","1,740,019",3208892,21.99,0.03,23.16,3.4,8/27/2018,"1.80 (2.33%)",6/13/2018,75.79,NULL
BIIB,"Biogen Inc.","Health Care",346.9,344.93,"342.90 x 800","343.98 x 3200","340.33 - 347.26","249.17 - 388.67","1,109,553",1882746,69.1,1.4,24.35,14.08,"Oct 22, 2018 - Oct 26, 2018","N/A (N/A)",N/A,389.31,NULL
BLK,BlackRock,Financials,484.1,479.08,"476.00 x 800","515.88 x 0","475.33 - 483.62","408.62 - 594.52","646,637",598367,77.18,1.61,14.44,33.16,"Oct 9, 2018 - Oct 15, 2018","12.52 (2.57%)",9/6/2018,585.67,NULL
HRB,"Block H&R",Financials,25.63,25.57,"25.65 x 4000","26.00 x 800","25.51 - 25.98","22.45 - 31.80","1,530,389",3186196,5.31,-0.21,8.87,2.91,"Aug 27, 2018 - Aug 31, 2018","1.00 (3.89%)",6/21/2018,25,NULL
BA,"Boeing Company",Industrials,343.72,341,"339.51 x 1800","339.89 x 900","336.45 - 341.00","230.94 - 374.48","2,745,697",3398125,194.99,1.72,21.32,15.92,"Oct 23, 2018 - Oct 29, 2018","6.84 (1.97%)",8/9/2018,403.22,NULL
BKNG,"Booking Holdings Inc","Consumer Discretionary",1942.39,1909.85,"1,891.10 x 1200","1,899.50 x 1400","1,890.10 - 1,919.44","1,714.07 - 2,228.99","911,470",380232,91.42,0.88,37.88,50.1,"Nov 5, 2018 - Nov 9, 2018","N/A (N/A)",N/A,2252.81,NULL
BWA,BorgWarner,"Consumer Discretionary",45,44.55,"43.03 x 800","45.57 x 2200","43.47 - 44.70","42.06 - 58.22","1,313,831",1717515,9.18,1.99,17.28,2.54,"Oct 24, 2018 - Oct 29, 2018","0.68 (1.49%)",8/31/2018,55.87,NULL
BXP,"Boston Properties","Real Estate",129.31,128.93,"0.00 x 800","0.00 x 800","128.61 - 129.96","111.57 - 132.00","875,178",701298,22.08,0.88,37.92,3.4,10/30/2018,"3.20 (2.47%)",6/28/2018,133.42,NULL
BSX,"Boston Scientific","Health Care",33.85,33.74,"33.50 x 800","35.00 x 4000","33.35 - 33.88","24.54 - 37.30","4,485,999",7453734,46.4,0.97,88.52,0.38,"Oct 24, 2018 - Oct 29, 2018","N/A (N/A)",N/A,38.05,NULL
BMY,"Bristol-Myers Squibb","Health Care",59.53,59.62,"0.00 x 2200","0.00 x 1800","58.98 - 59.83","49.96 - 70.05","3,535,516",6707776,96.79,1.15,263.6,0.22,"Oct 24, 2018 - Oct 29, 2018","1.60 (2.66%)",7/5/2018,59.44,NULL
AVGO,Broadcom,"Information Technology",216.58,212.81,"212.20 x 900","212.65 x 1000","210.46 - 214.48","197.46 - 285.68","3,295,344",4835409,88.75,0.48,8,26.53,"Aug 20, 2018 - Aug 24, 2018","7.00 (3.19%)",6/19/2018,287.76,NULL
BR,"Broadridge Financial Solutions","Information Technology",129.73,129.16,"0.00 x 800","0.00 x 1000","128.96 - 130.78","71.84 - 131.21","696,542",1320087,15.05,0.48,38.06,3.4,"Nov 6, 2018 - Nov 12, 2018","1.94 (1.50%)",9/17/2018,126,NULL
BF.B,"Brown-Forman Corp.","Consumer Staples",53.63,53.45,"0.00 x 1800","0.00 x 800","53.04 - 53.65","38.38 - 59.58","657,663",1392198,25.66,0.79,35.98,1.48,N/A,"0.63 (1.18%)",9/5/2018,52.79,NULL
CHRW,"C. H. Robinson Worldwide",Industrials,94.75,94.4,"80.00 x 1100","98.00 x 2900","94.17 - 95.20","65.57 - 100.18","831,804",1263953,13.21,0.5,23.37,4.06,"Oct 29, 2018 - Nov 2, 2018","1.84 (1.92%)",5/31/2018,96.18,NULL
CA,"CA, Inc.","Information Technology",43.36,43.32,"43.35 x 800","43.63 x 4000","43.22 - 43.52","31.45 - 44.25","3,353,211",5142415,18.14,0.79,39.15,1.11,"Oct 23, 2018 - Oct 29, 2018","1.02 (2.33%)",5/16/2018,42.84,NULL
COG,"Cabot Oil & Gas",Energy,23.54,23.47,"0.00 x 800","0.00 x 1000","23.34 - 23.74","21.71 - 29.57","4,045,592",5787717,10.43,0.44,81.8,0.29,"Oct 25, 2018 - Oct 29, 2018","0.24 (1.01%)",8/8/2018,28.19,NULL
CDNS,"Cadence Design Systems","Information Technology",45.33,45.12,"42.00 x 1400","46.00 x 800","45.04 - 45.52","35.49 - 46.99","728,151",1873396,12.78,1.22,58.63,0.77,"Oct 24, 2018 - Oct 29, 2018","N/A (N/A)",N/A,49.36,NULL
CPB,"Campbell Soup","Consumer Staples",42.28,41.33,"40.83 x 1100","45.20 x 3200","41.10 - 41.85","32.63 - 54.37","4,290,187",6116353,12.43,-0.04,25.88,1.6,"Aug 29, 2018 - Sep 4, 2018","1.40 (3.33%)",7/12/2018,36.15,NULL
COF,"Capital One Financial",Financials,97.62,96.64,"90.55 x 800","0.00 x 900","95.89 - 96.96","76.98 - 106.50","1,810,873",2402104,45.98,1.29,15.17,6.34,"Oct 22, 2018 - Oct 26, 2018","1.60 (1.64%)",8/3/2018,115.24,NULL
CAH,"Cardinal Health Inc.","Health Care",49.37,49.39,"0.00 x 1000","51.00 x 1400","48.29 - 49.44","48.14 - 75.75","3,071,219",3449479,15.04,1.12,59.75,0.81,"Nov 5, 2018 - Nov 9, 2018","1.91 (3.75%)",6/29/2018,54.93,NULL
KMX,"Carmax Inc","Consumer Discretionary",74.17,73.58,"0.00 x 800","0.00 x 1800","72.84 - 74.01","57.05 - 81.67","1,199,127",1728153,12.9,1.61,19.3,3.79,9/26/2018,"N/A (N/A)",N/A,84.36,NULL
CCL,"Carnival Corp.","Consumer Discretionary",59,60,"0.00 x 1000","60.28 x 900","59.50 - 60.32","56.45 - 72.70","4,521,895","4,124,173",43.67,1,15,4,"Sep 24, 2018 - Sep 28, 2018","2.00 (3.41%)","43,335",73,NULL
CAT,"Caterpillar Inc.",Industrials,138.52,137.52,"135.95 x 900","136.12 x 1300","134.73 - 137.52","112.69 - 173.24","6,268,568",4250682,80.78,1.57,26.26,5.18,"Oct 23, 2018 - Oct 24, 2018","3.44 (2.46%)",7/19/2018,166.65,NULL
CBOE,"Cboe Global Markets",Financials,92.1,91.95,"92.00 x 1100","95.07 x 900","91.10 - 92.63","91.10 - 138.54","846,827",986839,10.34,0.53,20.31,4.55,"Nov 5, 2018 - Nov 9, 2018","1.24 (1.34%)",8/30/2018,107.75,NULL
CBRE,"CBRE Group","Real Estate",47.97,47.51,"35.00 x 800","0.00 x 1100","46.96 - 47.73","39.60 - 50.43","1,474,198",1615393,15.6,2.15,22.06,2.13,"Nov 1, 2018 - Nov 5, 2018","N/A (N/A)",N/A,55.75,NULL
CBS,"CBS Corp.","Consumer Discretionary",53.57,53.21,"52.00 x 1200","54.54 x 800","52.42 - 53.32","47.54 - 67.57","2,406,403",3894107,19.77,1.18,14.06,3.73,"Oct 31, 2018 - Nov 5, 2018","0.72 (1.35%)",9/7/2018,64.56,NULL
CELG,"Celgene Corp.","Health Care",91.92,91.5,"91.07 x 1400","91.49 x 800","90.92 - 91.90","74.13 - 147.17","3,248,221",6647235,64.15,1.35,25.36,3.6,"Oct 24, 2018 - Oct 29, 2018","N/A (N/A)",N/A,113.77,NULL
CNC,"Centene Corporation","Health Care",138.47,137.74,"0.00 x 1800","142.99 x 800","137.50 - 139.93","81.00 - 139.93","970,915",1407243,28.43,1.16,23.56,5.88,10/23/2018,"N/A (N/A)",N/A,149.22,NULL
CNP,"CenterPoint Energy",Utilities,28.2,28.28,"0.00 x 900","0.00 x 1200","28.10 - 28.43","24.81 - 30.45","2,973,275",3574478,12.14,0.59,7.84,3.59,"Nov 1, 2018 - Nov 5, 2018","1.11 (3.93%)",8/15/2018,29.18,NULL
CTL,"CenturyLink Inc","Telecommunication Services",20.97,20.82,"0.00 x 900","0.00 x 28000","20.81 - 21.61","13.16 - 22.03","16,412,732",9183734,23.07,0.58,12.11,1.77,"Nov 6, 2018 - Nov 12, 2018","2.16 (11.65%)",6/1/2018,20.95,NULL
CERN,Cerner,"Health Care",66.29,65.91,"62.25 x 800","67.94 x 800","65.02 - 66.22","52.05 - 73.86","1,509,592",1770604,21.44,1.1,26.05,2.5,"Oct 24, 2018 - Oct 29, 2018","N/A (N/A)",N/A,67.79,NULL
CF,"CF Industries Holdings Inc",Materials,49.75,49.39,"48.05 x 2200","0.00 x 900","49.05 - 50.54","28.47 - 50.54","2,630,962",2670075,11.5,1.36,19.59,2.52,"Oct 30, 2018 - Nov 5, 2018","1.20 (2.47%)",8/14/2018,48.26,NULL
SCHW,"Charles Schwab Corporation",Financials,50.73,50.18,"0.00 x 2900","0.00 x 3200","49.79 - 50.71","38.06 - 60.22","4,341,718",5881859,68.28,1.68,25.68,1.97,"Oct 15, 2018 - Oct 19, 2018","0.52 (1.03%)",8/9/2018,60,NULL
CHTR,"Charter Communications","Consumer Discretionary",305.17,302.86,"302.40 x 900","308.00 x 1300","302.06 - 304.95","250.10 - 405.33","1,658,157",1498292,81.53,1.25,8.29,36.49,"Oct 24, 2018 - Oct 29, 2018","N/A (N/A)",N/A,374.96,NULL
CVX,"Chevron Corp.",Energy,122.53,122.17,"0.00 x 1000","0.00 x 1100","121.50 - 123.52","105.30 - 133.88","6,128,380",5799898,236.34,1.13,19.41,6.35,"Oct 25, 2018 - Oct 29, 2018","4.48 (3.58%)",8/16/2018,146.92,NULL
CMG,"Chipotle Mexican Grill","Consumer Discretionary",487.68,484.94,"0.00 x 800","0.00 x 800","482.44 - 490.85","247.52 - 493.00","598,569",771675,13.5,0.36,80.46,6.03,"Oct 22, 2018 - Oct 26, 2018","N/A (N/A)",N/A,450.52,NULL
CB,"Chubb Limited",Financials,137.08,136.25,"0.00 x 1100","141.00 x 1400","135.35 - 136.40","123.96 - 157.50","1,527,158",1701867,62.95,0.85,16.62,8.18,10/23/2018,"2.92 (2.26%)",6/21/2018,158.07,NULL
CHD,"Church & Dwight","Consumer Staples",55.57,55.6,"0.00 x 2200","0.00 x 800","55.53 - 56.25","43.21 - 58.03","855,335",2215012,13.68,0.1,17.16,3.25,"Oct 31, 2018 - Nov 5, 2018","0.87 (1.56%)",8/14/2018,55.28,NULL
CI,"CIGNA Corp.","Health Care",185.42,183.1,"0.00 x 1000","194.12 x 800","182.13 - 186.21","163.02 - 227.13","4,442,013",2116893,44.6,0.77,17.87,10.26,11/1/2018,"0.04 (0.02%)",3/9/2018,222.59,NULL
XEC,"Cimarex Energy",Energy,88.87,88.55,"0.00 x 900","0.00 x 1000","87.83 - 90.11","82.45 - 130.16","1,693,466",1639701,8.58,0.88,14.39,6.25,"Nov 5, 2018 - Nov 9, 2018","0.64 (0.72%)",8/14/2018,124.65,NULL
CINF,"Cincinnati Financial",Financials,75,74.43,"64.00 x 800","78.63 x 800","73.89 - 74.57","66.33 - 80.17","331,188",512321,12.1,0.81,13.26,5.61,"Oct 24, 2018 - Oct 29, 2018","2.12 (2.82%)",6/19/2018,75.67,NULL
CTAS,"Cintas Corporation",Industrials,211.4,209.2,"207.00 x 1000","225.00 x 800","209.19 - 211.79","130.09 - 212.59","322,036",468565,22.42,0.99,27.89,7.56,"Sep 24, 2018 - Sep 28, 2018","1.62 (0.77%)",11/9/2017,197,NULL
CFG,"Citizens Financial Group",Financials,41,40,"0.00 x 1000","42.80 x 1100","39.80 - 40.44","31.51 - 48.23","2,143,279","4,474,320",19.17,1,11,4,"43,392","1.08 (2.67%)","43,312",47,NULL
CTXS,"Citrix Systems","Information Technology",111.18,110.81,"102.20 x 1000","125.00 x 900","110.81 - 112.25","73.33 - 116.82","802,331",1626082,15.12,1.45,179.16,0.62,"Oct 23, 2018 - Oct 29, 2018","N/A (N/A)",N/A,116.31,NULL
CLX,"The Clorox Company","Consumer Staples",140.21,140.09,"0.00 x 800","0.00 x 900","139.59 - 141.27","113.57 - 150.40","500,536",1386462,18.16,0.26,22.4,6.26,"Oct 30, 2018 - Nov 5, 2018","3.84 (2.73%)",7/31/2018,134.07,NULL
CME,"CME Group Inc.",Financials,162.97,162.26,"164.00 x 900","164.99 x 1100","161.77 - 164.20","123.05 - 174.36","909,905",1449925,55.83,0.51,12.66,12.95,"Oct 24, 2018 - Oct 29, 2018","2.80 (1.71%)",6/7/2018,181.8,NULL
CMS,"CMS Energy",Utilities,48.45,48.56,"0.00 x 4000","49.50 x 3000","48.30 - 48.98","40.48 - 50.85","2,237,852",2592462,13.7,-0.04,24.79,1.95,"Oct 24, 2018 - Oct 29, 2018","1.43 (2.97%)",8/2/2018,50.07,NULL
KO,"Coca-Cola Company (The)","Consumer Staples",46.35,46.21,"0.00 x 21500","0.00 x 900","45.97 - 46.42","41.45 - 48.62","7,535,443",10927817,195.98,0.56,82.58,0.56,"Oct 23, 2018 - Oct 29, 2018","1.56 (3.35%)",6/14/2018,50.61,NULL
CTSH,"Cognizant Technology Solutions","Information Technology",76.26,75.97,"75.00 x 1400","76.00 x 800","75.36 - 76.25","69.24 - 85.10","2,591,893",3371857,43.84,0.71,30.58,2.47,"Oct 30, 2018 - Nov 5, 2018","0.80 (1.04%)",8/21/2018,89.14,NULL
CL,Colgate-Palmolive,"Consumer Staples",65.93,65.76,"0.00 x 900","66.92 x 3100","65.26 - 65.85","61.28 - 77.91","2,936,597",4097426,56.78,0.58,26.19,2.5,10/26/2018,"1.68 (2.52%)",7/17/2018,69.21,NULL
CMCSA,"Comcast Corp.","Consumer Discretionary",35.49,35.26,"34.92 x 2200","35.33 x 36200","34.94 - 35.34","30.43 - 44.00","9,189,631",25449240,160.73,1.36,6.89,5.09,"Oct 24, 2018 - Oct 29, 2018","0.76 (2.17%)",10/2/2018,43.06,NULL
CMA,"Comerica Inc.",Financials,97.91,96.79,"0.00 x 800","119.60 x 800","96.40 - 97.47","64.04 - 102.66","1,202,965",1699203,16.65,1.57,18.17,5.35,"Oct 15, 2018 - Oct 19, 2018","2.40 (2.43%)",9/13/2018,105.63,NULL
CAG,"Conagra Brands","Consumer Staples",36.78,36.64,"0.00 x 3000","0.00 x 900","36.42 - 36.79","32.16 - 39.43","3,251,437",4561265,14.33,0.53,18.46,1.99,"Sep 26, 2018 - Oct 1, 2018","0.85 (2.32%)",7/30/2018,42.6,NULL
CXO,"Concho Resources",Energy,134.84,134.91,"0.00 x 900","0.00 x 1800","134.34 - 138.01","106.73 - 163.11","1,729,583",2419829,27.43,1.26,18.29,7.53,"Oct 29, 2018 - Nov 2, 2018","N/A (N/A)",N/A,183.29,NULL
COP,ConocoPhillips,Energy,71.75,71.6,"0.00 x 1000","0.00 x 1300","71.24 - 72.03","42.27 - 73.76","4,855,457",6371473,83.6,1.39,18.99,3.79,"Oct 24, 2018 - Oct 29, 2018","1.14 (1.60%)",7/20/2018,80.15,NULL
ED,"Consolidated Edison",Utilities,78.95,79.18,"0.00 x 1200","0.00 x 1000","78.57 - 79.61","71.12 - 89.70","1,108,037",1777996,24.47,-0.12,15.52,5.07,"Oct 31, 2018 - Nov 5, 2018","2.86 (3.64%)",8/14/2018,77.61,NULL
STZ,"Constellation Brands","Consumer Staples",214.78,214,"211.26 x 900","0.00 x 800","212.91 - 214.81","194.98 - 236.62","1,151,406",1659384,40.75,-0.15,16,13.33,"Oct 3, 2018 - Oct 8, 2018","2.96 (1.38%)",8/9/2018,251.37,NULL
COO,"The Cooper Companies","Health Care",256.84,256.15,"0.00 x 800","0.00 x 800","252.35 - 256.15","216.47 - 261.71","367,143",413853,12.44,1.06,95.71,2.65,8/30/2018,"0.06 (0.02%)",7/20/2018,273.36,NULL
CPRT,"Copart Inc",Industrials,60,59.7,"58.29 x 2200","60.94 x 1800","59.66 - 60.72","30.87 - 60.72","677,678",2777792,13.99,0.86,38.31,1.57,"Sep 17, 2018 - Sep 21, 2018","N/A (N/A)",N/A,55.33,NULL
COST,"Costco Wholesale Corp.","Consumer Staples",218.24,218.14,"220.32 x 800","220.80 x 1000","217.75 - 221.72","150.06 - 225.48","2,337,087",1936053,96.62,0.99,32.26,6.83,10/4/2018,"2.28 (1.02%)",5/10/2018,225.77,NULL
CCI,"Crown Castle International Corp.","Real Estate",111.42,111.29,"0.00 x 800","0.00 x 1100","110.29 - 112.33","98.85 - 114.97","948,120",2215945,45.77,0.34,115.54,0.95,"Oct 16, 2018 - Oct 22, 2018","4.20 (3.82%)",9/13/2018,117.35,NULL
CSX,"CSX Corp.",Industrials,72.17,71.51,"71.58 x 900","73.00 x 2900","71.60 - 72.79","48.11 - 72.91","3,010,529",5059432,62.17,1.26,10.43,6.94,"Oct 15, 2018 - Oct 19, 2018","0.88 (1.21%)",8/30/2018,73.41,NULL
CMI,"Cummins Inc.",Industrials,142.02,141.36,"138.00 x 800","144.16 x 800","139.82 - 141.75","129.90 - 194.18","876,310",1342992,22.84,0.94,22.18,6.32,"Oct 29, 2018 - Nov 2, 2018","4.56 (3.21%)",8/21/2018,155.95,NULL
CVS,"CVS Health","Consumer Staples",68.57,68.5,"0.00 x 2900","69.28 x 1100","68.21 - 69.12","60.14 - 84.00","5,918,776",7895584,70.2,0.88,10.59,6.52,"Nov 5, 2018 - Nov 9, 2018","2.00 (2.93%)",7/24/2018,86.1,NULL
DHI,"D. R. Horton","Consumer Discretionary",45,44.68,"43.99 x 1100","0.00 x 4000","44.21 - 45.20","34.95 - 53.32","3,576,848",4478785,16.94,0.98,13.17,3.41,"Nov 7, 2018 - Nov 12, 2018","0.50 (1.13%)",8/7/2018,53.83,NULL
DHR,"Danaher Corp.","Health Care",101.71,101.41,"0.00 x 900","0.00 x 1800","99.84 - 101.41","79.10 - 106.08","1,763,721",2385150,70.21,0.94,26.6,3.77,"Oct 17, 2018 - Oct 22, 2018","0.64 (0.63%)",6/28/2018,113.4,NULL
DRI,"Darden Restaurants","Consumer Discretionary",109.42,108.46,"0.00 x 2200","0.00 x 800","107.96 - 110.20","76.27 - 112.81","892,686",1669170,13.58,0.08,23.15,4.73,"Sep 24, 2018 - Sep 28, 2018","3.00 (2.73%)",7/9/2018,114.15,NULL
DVA,"DaVita Inc.","Health Care",72.65,72.46,"0.00 x 1200","0.00 x 1800","71.52 - 72.47","52.51 - 80.71","773,102",1286779,11.98,1.41,24.49,2.93,"Nov 5, 2018 - Nov 9, 2018","N/A (N/A)",N/A,80.44,NULL
DE,"Deere & Co.",Industrials,139.83,139,"0.00 x 800","0.00 x 800","135.87 - 139.32","112.87 - 175.26","2,413,146",2814217,44.44,0.98,24.56,5.58,8/17/2018,"2.76 (1.91%)",6/28/2018,180.76,NULL
DAL,"Delta Air Lines Inc.",Industrials,55.34,54.78,"53.25 x 1400","0.00 x 4000","53.85 - 54.83","44.59 - 60.79","4,204,461",6319753,37.68,1.01,11.39,4.8,"Oct 9, 2018 - Oct 15, 2018","1.40 (2.53%)",7/25/2018,67.2,NULL
DLR,"Digital Realty Trust Inc","Real Estate",121.82,121.64,"73.96 x 800","0.00 x 800","120.62 - 122.38","96.56 - 127.23","1,029,116",1177542,25.26,0.59,119.64,1.01,"Oct 23, 2018 - Oct 29, 2018","4.04 (3.32%)",6/14/2018,128.56,NULL
DFS,"Discover Financial Services",Financials,75.67,74.77,"69.60 x 1400","78.20 x 3200","74.39 - 75.29","57.50 - 81.93","3,477,781",2024231,25.54,1.37,11.87,6.28,"Oct 22, 2018 - Oct 26, 2018","1.60 (2.12%)",8/22/2018,87.32,NULL
DISH,"Dish Network","Consumer Discretionary",36.59,36.3,"31.00 x 1300","37.64 x 3000","35.03 - 36.40","28.80 - 59.90","2,753,399",3409923,16.44,0.85,7.43,4.73,"Nov 7, 2018 - Nov 12, 2018","N/A (N/A)",12/12/2012,53.36,NULL
DG,"Dollar General","Consumer Discretionary",102.98,102.28,"90.00 x 800","0.00 x 1100","101.91 - 103.30","70.30 - 105.82","968,427",2435854,27.38,0.76,17.13,5.97,"Aug 29, 2018 - Sep 4, 2018","1.16 (1.15%)",7/9/2018,106.78,NULL
DLTR,"Dollar Tree","Consumer Discretionary",92.7,92.06,"91.90 x 1200","93.02 x 800","91.91 - 93.13","72.85 - 116.65","1,159,488",3108154,21.98,0.77,13.16,7.03,"Aug 22, 2018 - Aug 27, 2018","N/A (N/A)",N/A,104.83,NULL
D,"Dominion Energy",Utilities,71.03,71.37,"62.65 x 1200","79.43 x 1200","70.59 - 71.77","61.53 - 85.30","2,573,927",3824946,46.22,0.25,15.65,4.52,"Oct 29, 2018 - Nov 2, 2018","3.34 (4.72%)",9/6/2018,72.85,NULL
DOV,"Dover Corp.",Industrials,82.42,82.17,"0.00 x 1000","0.00 x 800","81.19 - 82.32","67.04 - 88.09","837,771",1599845,12.05,1.32,17.12,4.76,"Oct 17, 2018 - Oct 22, 2018","1.92 (2.31%)",8/30/2018,84.86,NULL
DWDP,DowDuPont,Materials,69.02,68.71,"69.00 x 1000","69.80 x 1100","67.62 - 68.71","61.27 - 77.08","7,069,242",7517543,156.3,1.61,69.12,0.98,N/A,"1.52 (2.23%)",8/30/2018,81.48,NULL
DTE,"DTE Energy Co.",Utilities,110.72,110.98,"78.38 x 900","0.00 x 900","110.26 - 111.73","94.25 - 116.74","1,221,199",1280092,20.06,0.1,17.24,6.4,"Oct 23, 2018 - Oct 29, 2018","3.53 (3.20%)",9/14/2018,111.5,NULL
DRE,"Duke Realty Corp","Real Estate",29,28.98,"0.00 x 1200","0.00 x 1400","28.79 - 29.09","24.30 - 30.14","1,271,611",2245334,10.4,0.69,16.93,1.7,"Oct 23, 2018 - Oct 29, 2018","0.80 (2.75%)",8/15/2018,30.38,NULL
DUK,"Duke Energy",Utilities,80.81,80.98,"71.88 x 900","80.99 x 1800","80.85 - 81.80","71.96 - 91.80","3,467,127",3549973,57.62,0.03,20.46,3.95,"Nov 1, 2018 - Nov 5, 2018","3.71 (4.61%)",8/16/2018,84.5,NULL
DXC,"DXC Technology","Information Technology",87.25,86.52,"0.00 x 800","101.45 x 1000","85.00 - 86.95","69.94 - 93.30","1,717,234",2411095,24.45,1.03,14.25,6.04,N/A,"0.76 (0.85%)",6/5/2018,103.44,NULL
ETFC,E*Trade,Financials,61.46,60.92,"59.00 x 1800","61.60 x 1000","60.26 - 60.97","39.12 - 66.46","1,130,392",2342617,15.86,1.22,21.72,2.79,"Oct 17, 2018 - Oct 22, 2018","N/A (N/A)",6/16/2004,70,NULL
EMN,"Eastman Chemical",Materials,101.74,101.1,"80.15 x 1300","103.15 x 800","99.30 - 101.15","82.33 - 112.45","803,839",864448,14.11,1.09,10.01,9.98,"Oct 24, 2018 - Oct 29, 2018","2.24 (2.21%)",9/13/2018,114.33,NULL
ETN,"Eaton Corporation",Industrials,81.71,81.16,"71.60 x 800","0.00 x 800","80.26 - 81.24","69.82 - 89.85","2,144,474",2530618,34.9,1.24,11.35,7.1,"Oct 29, 2018 - Nov 2, 2018","2.64 (3.25%)",8/2/2018,90.67,NULL
ECL,"Ecolab Inc.",Materials,147.84,147.44,"120.57 x 800","0.00 x 1100","146.71 - 147.66","125.74 - 150.46","838,348",1061540,42.43,0.85,27.64,5.31,"Oct 29, 2018 - Nov 2, 2018","1.64 (1.10%)",9/17/2018,154.06,NULL
EIX,"Edison Int'l",Utilities,67.42,67.39,"0.00 x 1000","68.84 x 900","66.58 - 67.74","57.63 - 83.38","1,279,095",1891140,21.71,-0.12,52.34,1.27,10/29/2018,"2.42 (3.60%)",6/29/2018,70.13,NULL
EW,"Edwards Lifesciences","Health Care",139.15,138.56,"136.00 x 800","0.00 x 800","137.61 - 139.47","100.20 - 156.87","892,624",1214053,28.91,0.72,45.34,3.05,"Oct 22, 2018 - Oct 26, 2018","N/A (N/A)",N/A,156,NULL
EA,"Electronic Arts","Information Technology",127.82,128.2,"130.50 x 1400","132.00 x 1000","126.78 - 132.03","99.63 - 151.26","4,917,948",3132753,40.2,0.97,59.07,2.22,"Oct 29, 2018 - Nov 2, 2018","N/A (N/A)",N/A,154.56,NULL
EMR,"Emerson Electric Company",Industrials,74.05,73.84,"64.68 x 800","0.00 x 900","73.50 - 74.47","57.47 - 75.25","3,101,064",2643490,46.54,1.19,26.45,2.79,11/6/2018,"1.94 (2.62%)",8/16/2018,76.38,NULL
ETR,"Entergy Corp.",Utilities,83.33,83.56,"61.32 x 800","98.00 x 900","83.36 - 84.17","71.95 - 87.95","1,170,198",1825076,15.08,0.45,50.94,1.64,"Oct 22, 2018 - Oct 26, 2018","3.56 (4.31%)",8/8/2018,86.83,NULL
EOG,"EOG Resources",Energy,122.31,122.2,"118.77 x 800","0.00 x 900","121.37 - 122.89","81.99 - 131.60","2,268,014",2924579,71.11,1.26,18.41,6.67,"Oct 31, 2018 - Nov 5, 2018","0.88 (0.72%)",10/16/2018,140.19,NULL
EFX,"Equifax Inc.",Industrials,128.4,127.59,"117.00 x 1000","0.00 x 800","127.10 - 128.77","89.59 - 143.41","406,475",945918,15.46,0.9,30.87,4.16,"Nov 7, 2018 - Nov 12, 2018","1.56 (1.22%)",8/23/2018,130.5,NULL
EQIX,Equinix,"Real Estate",444.99,442.7,"317.79 x 800","455.00 x 800","437.01 - 443.81","370.79 - 495.35","611,571",569126,34.74,0.56,136.34,3.21,"Oct 30, 2018 - Nov 5, 2018","9.12 (2.04%)",5/22/2018,501.96,NULL
EQR,"Equity Residential","Real Estate",66.89,66.77,"62.71 x 800","0.00 x 900","65.94 - 67.04","54.97 - 70.46","958,237",1901931,25.22,0.51,41.54,1.59,10/23/2018,"2.16 (3.25%)",6/22/2018,68,NULL
ESS,"Essex Property Trust, Inc.","Real Estate",239.54,239.43,"210.00 x 100","0.00 x 800","236.00 - 240.12","214.03 - 270.04","174,096",404443,16.17,0.46,41.76,5.67,"Oct 30, 2018 - Nov 5, 2018","7.44 (3.11%)",6/28/2018,262,NULL
EL,"Estee Lauder Cos.","Consumer Staples",132.17,131.22,"73.16 x 1100","169.40 x 800","128.81 - 134.39","98.16 - 158.80","1,959,312",1766340,48.72,0.25,43.36,3.06,8/20/2018,"1.52 (1.14%)",5/30/2018,156.38,NULL
EVRG,Evergy,Utilities,57.02,57.12,"0.00 x 2200","0.00 x 2200","57.12 - 57.99","50.89 - 57.99","1,507,528",2545662,15.65,0.26,25.41,2.27,N/A,"1.60 (2.84%)",5/29/2018,59.25,NULL
ES,"Eversource Energy",Utilities,61.14,61.3,"52.00 x 800","0.00 x 900","61.19 - 61.80","52.76 - 66.15","1,192,429",1974535,19.44,0.19,19.29,3.18,"Oct 30, 2018 - Nov 5, 2018","2.02 (3.31%)",5/23/2018,63.43,NULL
RE,"Everest Re Group Ltd.",Financials,215.21,214.21,"0.00 x 1000","0.00 x 800","212.05 - 216.31","208.81 - 270.94","293,633",268142,8.79,0.27,22.9,9.4,"Oct 29, 2018 - Nov 2, 2018","5.20 (2.22%)",5/29/2018,251.7,NULL
EXC,"Exelon Corp.",Utilities,43.37,43.47,"41.60 x 800","43.95 x 1000","43.06 - 43.74","35.57 - 43.74","4,463,115",5641404,41.66,0.16,10.97,3.93,"Oct 31, 2018 - Nov 5, 2018","1.38 (3.22%)",8/14/2018,45.33,NULL
EXPE,"Expedia Inc.","Consumer Discretionary",132.74,132.16,"131.89 x 800","132.29 x 900","130.90 - 133.12","98.52 - 154.24","959,161",1528542,19.71,1.2,75.97,1.74,"Oct 24, 2018 - Oct 29, 2018","1.28 (0.97%)",8/22/2018,150.83,NULL
EXPD,"Expeditors International",Industrials,73.25,72.76,"67.57 x 800","73.20 x 1800","72.33 - 73.45","54.32 - 78.16","1,234,657",1344242,12.77,0.6,24.86,2.94,11/6/2018,"0.90 (1.23%)",5/31/2018,70,NULL
ESRX,"Express Scripts","Health Care",81.82,83.06,"83.64 x 900","84.85 x 3200","82.76 - 85.42","55.80 - 85.42","7,881,563",3536440,47.03,1.12,10.19,8.21,"Oct 22, 2018 - Oct 26, 2018","N/A (N/A)",11/12/2003,85.03,NULL
EXR,"Extra Space Storage","Real Estate",93.3,93.04,"77.66 x 800","0.00 x 1100","92.32 - 93.89","74.44 - 101.96","495,087",966121,12.24,0.24,23.93,3.88,"Oct 30, 2018 - Nov 5, 2018","3.44 (3.68%)",6/14/2018,98.54,NULL
XOM,"Exxon Mobil Corp.",Energy,79.5,79.51,"0.00 x 2200","100.82 x 800","78.86 - 79.52","72.16 - 89.30","12,954,268",11281371,336.25,0.8,16.19,4.91,"Oct 25, 2018 - Oct 29, 2018","3.28 (4.06%)",8/10/2018,88.88,NULL
FFIV,"F5 Networks","Information Technology",179.91,179.15,"171.00 x 1800","198.60 x 800","178.71 - 180.52","114.63 - 183.27","309,466",658825,10.95,0.71,24.66,7.3,10/24/2018,"N/A (N/A)",N/A,170.21,NULL
FB,"Facebook, Inc.","Information Technology",183.09,182.04,"180.27 x 1200","180.34 x 1400","179.42 - 182.10","149.02 - 218.62","20,348,321",23351712,520.45,0.72,27.89,6.46,"Oct 30, 2018 - Nov 5, 2018","N/A (N/A)",N/A,210.99,NULL
FAST,"Fastenal Co",Industrials,57.51,57.35,"56.67 x 1200","58.58 x 800","56.94 - 57.87","39.79 - 58.74","1,282,161",2888003,16.56,1.12,24.36,2.37,"Oct 9, 2018 - Oct 15, 2018","1.60 (2.79%)",7/24/2018,57.36,NULL
FRT,"Federal Realty Investment Trust","Real Estate",125.97,125.67,"101.15 x 900","0.00 x 3200","124.74 - 126.43","106.41 - 134.52","254,986",423700,9.28,0.28,33.02,3.79,"Oct 30, 2018 - Nov 5, 2018","4.08 (3.25%)",9/20/2018,134.86,NULL
FDX,"FedEx Corporation",Industrials,244.8,244.19,"238.66 x 1800","247.09 x 800","240.34 - 244.19","203.13 - 274.66","1,483,099",1580453,64.29,1.56,14.4,16.79,9/17/2018,"2.60 (1.06%)",6/22/2018,286.24,NULL
FIS,"Fidelity National Information Services","Information Technology",106.95,106.5,"0.00 x 800","0.00 x 900","106.19 - 107.57","88.97 - 109.95","1,424,777",1447295,35.14,0.87,24.87,4.3,"Oct 29, 2018 - Nov 2, 2018","1.28 (1.21%)",9/13/2018,117.06,NULL
FITB,"Fifth Third Bancorp",Financials,29.52,29.15,"29.40 x 1100","29.50 x 900","29.06 - 29.42","24.66 - 34.67","3,740,758",7105956,19.9,1.28,7.72,3.8,"Oct 22, 2018 - Oct 26, 2018","0.72 (2.43%)",6/28/2018,32.92,NULL
FISV,"Fiserv Inc","Information Technology",78.64,78.3,"79.24 x 800","79.49 x 800","78.30 - 79.63","59.85 - 79.63","2,024,497",1595554,32.09,0.79,23.12,3.43,"Oct 29, 2018 - Nov 2, 2018","N/A (N/A)",N/A,79.4,NULL
FLT,"FleetCor Technologies Inc","Information Technology",215.9,215,"0.00 x 0","0.00 x 0","215.00 - 218.55","138.47 - 225.92","450,211",1143742,19.23,1.34,24.14,9.01,"Oct 30, 2018 - Nov 5, 2018","N/A (N/A)",N/A,250.64,NULL
FLIR,"FLIR Systems","Information Technology",59.6,59.38,"32.38 x 1800","60.25 x 2900","59.16 - 59.65","37.18 - 60.71","409,983",1018179,8.19,0.7,67.08,0.88,"Oct 23, 2018 - Oct 29, 2018","0.64 (1.08%)",8/23/2018,63.22,NULL
FLR,"Fluor Corp.",Industrials,56.14,55.59,"41.00 x 3100","58.17 x 2200","55.25 - 56.00","37.04 - 62.09","743,695",1357425,7.83,1.43,31.11,1.79,"Oct 31, 2018 - Nov 5, 2018","0.84 (1.49%)",8/31/2018,57.07,NULL
FMC,"FMC Corporation",Materials,90.24,89.24,"83.53 x 800","92.99 x 800","87.35 - 89.25","72.73 - 98.70","1,095,788",1179417,11.82,1.75,12.04,7.29,"Nov 5, 2018 - Nov 9, 2018","0.66 (0.74%)",9/27/2018,104.71,NULL
FL,"Foot Locker Inc","Consumer Discretionary",47.61,47.36,"45.00 x 1800","59.08 x 27000","47.24 - 48.36","28.42 - 59.40","2,619,336",3127459,5.61,0.57,22.29,2.15,8/24/2018,"1.38 (2.94%)",7/19/2018,57.95,NULL
F,"Ford Motor","Consumer Discretionary",9.91,9.91,"9.90 x 1000","10.01 x 4000","9.72 - 9.91","9.72 - 13.48","39,180,474",35317351,38.82,0.79,5.76,1.69,10/24/2018,"0.60 (5.97%)",7/20/2018,11.16,NULL
FTV,"Fortive Corp",Industrials,80.24,80.04,"71.00 x 800","0.00 x 1000","79.43 - 80.23","63.97 - 82.63","1,983,412",1717317,27.83,0.68,24.31,3.28,"Oct 24, 2018 - Oct 29, 2018","0.28 (0.35%)",8/30/2018,86.33,NULL
FBHS,"Fortune Brands Home & Security",Industrials,55.96,54.64,"53.00 x 1800","68.00 x 800","54.31 - 55.17","52.63 - 73.62","1,173,339",1788657,7.78,1.35,18,3.04,"Oct 23, 2018 - Oct 29, 2018","0.80 (1.43%)",8/30/2018,66.5,NULL
BEN,"Franklin Resources",Financials,32.89,32.49,"0.00 x 2900","0.00 x 3200","31.63 - 32.54","31.28 - 45.96","3,064,675",3059420,16.91,1.52,26.32,1.22,"Oct 24, 2018 - Oct 29, 2018","0.92 (2.76%)",6/28/2018,32.54,NULL
FCX,"Freeport-McMoRan Inc.",Materials,15.31,15.11,"15.15 x 1100","15.51 x 3000","15.02 - 15.20","13.22 - 20.25","13,921,791",16614964,21.89,2.56,7.62,1.98,"Oct 23, 2018 - Oct 29, 2018","0.20 (1.30%)",7/12/2018,19.26,NULL
GPS,"Gap Inc.","Consumer Discretionary",31.18,31,"0.00 x 4000","32.44 x 4000","30.98 - 31.66","21.84 - 35.68","3,434,520",5371246,12.14,0.55,14.22,2.2,8/23/2018,"0.97 (3.16%)",7/10/2018,32.9,NULL
GRMN,"Garmin Ltd.","Consumer Discretionary",64.67,64.36,"63.11 x 800","65.32 x 1100","63.49 - 64.51","50.86 - 65.96","836,237",900382,12.05,0.93,20.6,3.1,"Oct 30, 2018 - Nov 5, 2018","2.12 (3.40%)",9/13/2018,62.5,NULL
IT,"Gartner Inc","Information Technology",139.66,139.33,"0.00 x 900","0.00 x 800","138.99 - 141.54","111.57 - 142.16","830,929",598245,12.74,1.38,151.04,0.93,"Oct 31, 2018 - Nov 5, 2018","N/A (N/A)",7/19/1999,139.11,NULL
GD,"General Dynamics",Industrials,192.57,192.38,"187.08 x 800","197.80 x 1000","190.66 - 192.77","184.21 - 230.00","954,278",1495090,56.83,0.87,19.4,9.89,"Oct 23, 2018 - Oct 29, 2018","3.72 (1.91%)",10/4/2018,237.71,NULL
GGP,"General Growth Properties Inc.","Real Estate",21.52,21.49,"20.50 x 800","22.00 x 3000","21.39 - 21.54","18.83 - 24.23","5,595,937",9196065,20.63,0.99,35.82,0.6,"Oct 29, 2018 - Nov 2, 2018","0.88 (4.09%)",7/12/2018,22.7,NULL
GIS,"General Mills","Consumer Staples",45.27,45.13,"44.32 x 1300","45.95 x 2900","44.77 - 45.44","41.01 - 60.69","2,566,312",5350945,26.81,0.77,12.41,3.64,"Sep 18, 2018 - Sep 24, 2018","1.96 (4.22%)",7/9/2018,48.24,NULL
GPC,"Genuine Parts","Consumer Discretionary",99.37,98.81,"97.75 x 900","0.00 x 900","97.93 - 99.14","79.86 - 107.75","489,357",761104,14.39,1.19,21.51,4.56,"Oct 17, 2018 - Oct 22, 2018","2.88 (2.90%)",6/7/2018,98.43,NULL
GILD,"Gilead Sciences","Health Care",78.04,77.52,"76.61 x 900","77.00 x 900","76.30 - 77.96","64.27 - 89.54","4,833,223",6696262,99.47,1.45,45.84,1.67,"Oct 24, 2018 - Oct 29, 2018","2.28 (2.93%)",9/13/2018,87.87,NULL
GPN,"Global Payments Inc.","Information Technology",116.61,116.01,"95.80 x 1100","0.00 x 800","115.71 - 117.14","92.90 - 121.00","864,360",1044593,18.37,1.12,33.34,3.48,"Nov 6, 2018 - Nov 12, 2018","0.04 (0.03%)",6/14/2018,131.93,NULL
GS,"Goldman Sachs Group",Financials,233.78,230.97,"230.00 x 800","236.10 x 900","228.11 - 231.46","214.64 - 275.31","3,863,732",2851229,86.69,1.35,18.33,12.52,10/16/2018,"3.20 (1.35%)",8/29/2018,276.23,NULL
GT,"Goodyear Tire & Rubber","Consumer Discretionary",24.77,24.7,"24.12 x 800","24.43 x 1100","24.12 - 24.74","20.75 - 36.07","1,987,754",3033551,5.76,1.62,22.63,1.07,"Oct 25, 2018 - Oct 29, 2018","0.56 (2.27%)",7/31/2018,28.83,NULL
GWW,"Grainger (W.W.) Inc.",Industrials,350.3,349.49,"338.64 x 100","0.00 x 1400","347.20 - 352.50","155.00 - 358.63","451,424",691462,19.72,0.78,25.76,13.64,10/16/2018,"5.44 (1.54%)",8/10/2018,325.55,NULL
HAL,"Halliburton Co.",Energy,41.51,41.54,"41.41 x 3100","41.95 x 1400","41.24 - 41.99","38.18 - 57.86","3,932,480",8876885,36.9,1.19,384.77,0.11,"Oct 22, 2018 - Oct 26, 2018","0.72 (1.71%)",9/4/2018,54.64,NULL
HBI,"Hanesbrands Inc","Consumer Discretionary",18.78,18.67,"17.30 x 1100","18.97 x 3100","18.62 - 18.87","16.38 - 25.73","4,949,728",6546029,6.71,0.32,175.66,0.11,"Oct 30, 2018 - Nov 5, 2018","0.60 (3.23%)",8/13/2018,21.21,NULL
HOG,Harley-Davidson,"Consumer Discretionary",43.75,43.53,"42.69 x 1100","44.85 x 2900","43.12 - 43.59","39.34 - 56.50","1,129,253",2141956,7.13,0.68,14.8,2.92,"Oct 15, 2018 - Oct 19, 2018","1.48 (3.39%)",5/30/2018,47.58,NULL
HRS,"Harris Corporation","Information Technology",164.57,164.04,"130.19 x 900","0.00 x 1800","163.00 - 164.64","117.46 - 170.54","543,048",670873,19.38,1.01,27.6,5.91,"Oct 29, 2018 - Nov 2, 2018","2.28 (1.39%)",5/31/2018,183.7,NULL
HAS,"Hasbro Inc.","Consumer Discretionary",98.33,97.77,"93.50 x 800","98.65 x 900","97.22 - 98.37","79.00 - 107.58","479,047",1225979,12.42,0.62,59.43,1.65,"Oct 22, 2018 - Oct 26, 2018","2.52 (2.58%)",10/31/2018,107.62,NULL
HCA,"HCA Holdings","Health Care",128.2,127.91,"111.00 x 800","0.00 x 800","127.17 - 128.33","71.18 - 131.10","1,292,784",1738951,44.35,0.78,16.19,7.92,"Oct 29, 2018 - Nov 2, 2018","1.40 (1.08%)",8/31/2018,130.65,NULL
HCP,"HCP Inc.","Real Estate",26.16,26.13,"25.21 x 38800","26.90 x 3200","25.92 - 26.25","21.48 - 30.59","1,856,827",3288551,12.38,0.54,201.4,0.13,"Oct 31, 2018 - Nov 5, 2018","1.48 (5.59%)",8/3/2018,26.47,NULL
HP,"Helmerich & Payne",Energy,60.5,60.74,"48.91 x 800","75.94 x 800","60.43 - 62.70","42.16 - 75.02","888,209",1297123,6.82,1.37,15.11,4.14,"Jul 25, 2018 - Jul 30, 2018","2.84 (4.60%)",8/16/2018,67.83,NULL
HSIC,"Henry Schein","Health Care",78.53,78.21,"77.37 x 1800","80.31 x 2200","77.12 - 78.25","62.56 - 89.34","908,790",1300050,11.85,1.13,29.26,2.64,"Nov 5, 2018 - Nov 9, 2018","N/A (N/A)",N/A,82.83,NULL
HSY,"The Hershey Company","Consumer Staples",97.34,97.1,"86.28 x 1000","99.00 x 800","96.75 - 97.96","89.10 - 115.82","633,919",1266350,20.45,0.08,20.1,4.86,"Oct 24, 2018 - Oct 29, 2018","2.89 (2.93%)",8/23/2018,96.29,NULL
HPE,"Hewlett Packard Enterprise","Information Technology",16.11,15.98,"14.30 x 800","16.31 x 800","15.78 - 16.08","12.81 - 19.48","5,037,146",10827228,24,1.65,8.93,1.77,"Sep 4, 2018 - Sep 10, 2018","0.45 (2.78%)",6/12/2018,19.58,NULL
HLT,"Hilton Worldwide Holdings Inc","Consumer Discretionary",76.15,76.09,"0.00 x 2200","77.63 x 900","75.39 - 76.42","60.54 - 88.11","3,274,320",2926684,22.56,1.44,16.71,4.53,"Oct 24, 2018 - Oct 29, 2018","0.60 (0.77%)",8/9/2018,92.81,NULL
HFC,"HollyFrontier Corp",Energy,68.36,67.93,"63.15 x 800","72.44 x 1400","67.68 - 69.53","27.04 - 83.28","2,166,727",3638104,12.06,0.93,8.77,7.87,"Oct 30, 2018 - Nov 5, 2018","1.32 (1.91%)",8/22/2018,74.67,NULL
HD,"Home Depot","Consumer Discretionary",198.08,197.34,"195.83 x 800","201.29 x 4000","195.64 - 197.93","146.89 - 207.61","2,873,006",4022073,226.44,1.03,25.49,7.7,8/14/2018,"4.12 (2.08%)",5/30/2018,212.55,NULL
HON,"Honeywell Int'l Inc.",Industrials,153.96,153.42,"152.57 x 1200","156.45 x 1200","152.53 - 153.63","134.50 - 165.13","1,542,356",2634437,113.69,1.11,71.27,2.15,"Oct 18, 2018 - Oct 22, 2018","2.98 (1.92%)",8/16/2018,175.18,NULL
HRL,"Hormel Foods Corp.","Consumer Staples",37.12,37.09,"31.50 x 4000","38.00 x 3200","36.82 - 37.20","29.75 - 38.00","1,092,124",2320212,19.68,-0.14,21.3,1.74,8/23/2018,"0.75 (2.03%)",7/13/2018,35.58,NULL
HST,"Host Hotels & Resorts","Real Estate",20.49,20.41,"8.58 x 29200","0.00 x 36100","20.14 - 20.48","17.26 - 22.47","8,288,285",6695259,15.19,1.48,22.78,0.89,"Oct 30, 2018 - Nov 5, 2018","0.80 (3.89%)",6/28/2018,21.63,NULL
HPQ,"HP Inc.","Information Technology",24.08,23.91,"23.55 x 1200","24.50 x 1000","23.91 - 24.09","18.36 - 24.75","5,335,897",7565857,38.64,1.76,9.22,2.6,8/23/2018,"0.56 (2.31%)",9/11/2018,26,NULL
HUM,"Humana Inc.","Health Care",323.71,322.14,"320.00 x 900","0.00 x 800","322.14 - 325.54","231.90 - 327.50","380,645",568860,44.78,0.66,33.6,9.67,11/7/2018,"2.00 (0.62%)",6/28/2018,352.29,NULL
HBAN,"Huntington Bancshares",Financials,15.93,15.72,"15.50 x 38500","16.02 x 1000","15.66 - 15.90","12.14 - 16.60","8,206,169",8461864,17.49,1.48,13.42,1.18,"Oct 23, 2018 - Oct 29, 2018","0.56 (3.48%)",9/14/2018,17.42,NULL
HII,"Huntington Ingalls Industries",Industrials,236.65,235.96,"180.15 x 900","237.95 x 1000","234.95 - 240.09","201.91 - 276.69","281,137",363678,10.3,0.75,17.62,13.5,"Nov 6, 2018 - Nov 12, 2018","2.88 (1.23%)",8/30/2018,258.25,NULL
IDXX,"IDEXX Laboratories","Health Care",244.63,242.92,"234.75 x 800","244.50 x 800","242.04 - 245.83","146.09 - 252.49","239,776",454159,21.09,0.62,70.67,3.45,"Nov 1, 2018 - Nov 5, 2018","N/A (N/A)",N/A,256.83,NULL
INFO,"IHS Markit Ltd.",Industrials,54.19,53.89,"52.39 x 1800","53.86 x 800","53.66 - 54.00","42.40 - 54.41","654,948",1807675,21.09,1.04,36.34,1.48,"Sep 24, 2018 - Sep 28, 2018","N/A (N/A)",N/A,55.79,NULL
ITW,"Illinois Tool Works",Industrials,138.51,138,"132.93 x 800","0.00 x 800","135.58 - 138.25","134.66 - 179.07","1,451,729",1596770,45.77,1.26,24.91,5.48,"Oct 22, 2018 - Oct 26, 2018","4.00 (2.85%)",9/27/2018,152.93,NULL
ILMN,"Illumina Inc","Health Care",333.5,331.63,"321.12 x 1200","333.40 x 1400","329.44 - 333.50","189.15 - 341.08","886,142",858354,48.55,1.12,75.09,4.4,"Oct 22, 2018 - Oct 26, 2018","N/A (N/A)",N/A,334.73,NULL
IR,"Ingersoll-Rand PLC",Industrials,96.51,96.43,"69.02 x 900","99.01 x 800","95.74 - 96.71","79.63 - 99.00","939,643",1402193,23.61,1.49,18.88,5.1,"Oct 23, 2018 - Oct 29, 2018","2.12 (2.31%)",9/6/2018,107.57,NULL
INTC,"Intel Corp.","Information Technology",50.14,48.51,"48.85 x 900","48.90 x 900","48.30 - 49.17","34.38 - 57.60","25,364,303",25187482,225.25,0.86,17.62,2.77,"Oct 24, 2018 - Oct 29, 2018","1.20 (2.40%)",8/6/2018,56.03,NULL
ICE,"Intercontinental Exchange",Financials,73.23,72.96,"72.76 x 800","0.00 x 800","72.48 - 73.52","63.93 - 77.22","1,940,648",2181953,42.02,0.3,17.15,4.27,10/31/2018,"0.96 (1.30%)",9/12/2018,82.93,NULL
IBM,"International Business Machines","Information Technology",144.77,144.5,"144.00 x 1200","146.98 x 900","143.88 - 145.07","137.45 - 171.13","3,003,158",4225556,131.88,1.04,23.27,6.21,10/16/2018,"6.28 (4.28%)",8/9/2018,165.11,NULL
IP,"International Paper",Materials,53.16,52.96,"51.86 x 800","54.12 x 900","51.94 - 52.96","50.00 - 66.94","1,953,727",2718329,21.31,1.74,7.3,7.14,10/25/2018,"1.90 (3.59%)",8/14/2018,64.5,NULL
IPG,"Interpublic Group","Consumer Discretionary",22.29,22.16,"22.00 x 3200","0.00 x 1100","22.01 - 22.23","18.30 - 26.01","1,676,838",3452765,8.48,0.98,14.92,1.48,"Oct 22, 2018 - Oct 26, 2018","0.84 (3.80%)",6/1/2018,23.64,NULL
IFF,"Intl Flavors & Fragrances",Materials,134.45,133.75,"126.15 x 1100","140.00 x 800","132.36 - 134.48","122.11 - 157.40","683,690",716684,10.47,1.01,33.95,3.9,"Nov 5, 2018 - Nov 9, 2018","2.92 (2.17%)",9/21/2018,144.93,NULL
INTU,"Intuit Inc.","Information Technology",211.19,209.59,"209.98 x 900","215.00 x 900","209.58 - 212.67","133.60 - 219.46","727,708",1349175,54.14,1.13,46.31,4.56,8/23/2018,"1.56 (0.74%)",7/9/2018,202,NULL
ISRG,"Intuitive Surgical Inc.","Health Care",522.69,521.16,"517.54 x 1400","522.77 x 800","519.02 - 527.86","310.09 - 539.30","336,519",789414,59.27,1.07,76.84,6.78,"Oct 17, 2018 - Oct 22, 2018","N/A (N/A)",N/A,564.47,NULL
IVZ,"Invesco Ltd.",Financials,25.49,25.19,"20.15 x 3200","25.91 x 4000","24.31 - 25.19","24.31 - 38.43","5,287,265",3799946,10.15,1.67,8.65,2.86,"Oct 24, 2018 - Oct 29, 2018","1.20 (4.69%)",8/15/2018,30.58,NULL
IPGP,"IPG Photonics Corp.","Information Technology",164.64,163.09,"162.25 x 1000","165.17 x 1100","161.78 - 164.58","161.51 - 264.11","460,274",462250,8.73,1.33,22.52,7.21,"Oct 29, 2018 - Nov 2, 2018","N/A (N/A)",12/19/2012,221.22,NULL
IQV,"IQVIA Holdings Inc.","Health Care",121.7,120.79,"45.00 x 800","0.00 x 1400","120.42 - 122.03","87.68 - 125.35","485,715",1633364,24.54,0.83,20.27,5.98,"Oct 24, 2018 - Oct 29, 2018","N/A (N/A)",N/A,129.38,NULL
IRM,"Iron Mountain Incorporated","Real Estate",35.46,35.19,"33.20 x 800","43.00 x 1800","34.44 - 35.19","30.78 - 41.53","2,499,558",1739584,9.9,0.39,52.03,0.67,"Oct 22, 2018 - Oct 26, 2018","2.35 (6.54%)",9/14/2018,39.29,NULL
JEC,"Jacobs Engineering Group",Industrials,72.56,72.08,"60.15 x 1100","0.00 x 800","71.42 - 72.31","49.31 - 73.90","933,350",1080990,10.2,1.46,32.51,2.21,"Aug 6, 2018 - Aug 10, 2018","0.60 (0.83%)",8/2/2018,82.29,NULL
JBHT,"J. B. Hunt Transport Services",Industrials,121.71,120.96,"99.76 x 800","130.00 x 1400","120.51 - 121.64","92.73 - 131.74","621,056",831762,13.24,1.11,17.74,6.83,"Oct 16, 2018 - Oct 17, 2018","0.96 (0.78%)",8/2/2018,133.8,NULL
JEF,"Jefferies Financial Group",Financials,24.29,23.98,"15.15 x 36100","26.95 x 2900","23.63 - 24.07","21.61 - 28.17","2,310,120",1857089,7.89,1.34,12.82,1.85,"Oct 24, 2018 - Oct 29, 2018","0.50 (2.05%)",9/14/2018,35,NULL
SJM,"JM Smucker","Consumer Staples",110.7,110.28,"0.00 x 1100","0.00 x 1300","109.82 - 110.98","96.13 - 133.38","803,111",1404551,12.58,0.21,9.41,11.78,8/21/2018,"3.40 (3.04%)",8/16/2018,107.31,NULL
JNJ,"Johnson & Johnson","Health Care",131.2,131.19,"130.31 x 1400","131.14 x 800","130.26 - 131.63","118.62 - 148.32","4,324,061",6493620,350.77,0.6,259.94,0.5,10/16/2018,"3.60 (2.74%)",8/27/2018,143.35,NULL
JCI,"Johnson Controls International",Industrials,37.33,37.17,"30.94 x 800","41.70 x 3200","36.65 - 37.20","32.89 - 42.60","3,738,739",4203310,34.13,1.07,16.49,2.24,"Nov 7, 2018 - Nov 12, 2018","1.04 (2.97%)",6/22/2018,40.36,NULL
JPM,"JPMorgan Chase & Co.",Financials,116.88,115.5,"114.05 x 900","116.80 x 3000","114.68 - 115.95","88.08 - 119.33","12,630,949",13593201,388.9,1.2,15.49,7.47,10/12/2018,"2.24 (1.91%)",7/5/2018,121.9,NULL
JNPR,"Juniper Networks","Information Technology",26.94,26.84,"26.00 x 2900","0.00 x 47300","26.78 - 27.09","23.61 - 29.95","2,539,738",5278210,9.39,1.14,58.2,0.46,"Oct 22, 2018 - Oct 26, 2018","0.72 (2.70%)",8/31/2018,26.79,NULL
KSU,"Kansas City Southern",Industrials,115.68,115.16,"82.00 x 800","0.00 x 800","114.26 - 115.54","99.47 - 117.79","384,885",937178,11.75,0.65,12.21,9.42,"Oct 18, 2018 - Oct 22, 2018","1.44 (1.24%)",6/8/2018,122.07,NULL
K,"Kellogg Co.","Consumer Staples",71.3,71.08,"70.45 x 1800","72.72 x 800","70.83 - 71.81","56.40 - 73.24","1,125,574",2555284,24.75,0.29,14.12,5.06,10/31/2018,"2.24 (3.15%)",8/31/2018,71.88,NULL
KEY,KeyCorp,Financials,21.57,21.28,"17.06 x 1300","22.25 x 36100","21.22 - 21.52","16.28 - 22.40","7,941,288",8983065,22.49,0.96,16.4,1.3,10/18/2018,"0.50 (2.31%)",8/27/2018,23.64,NULL
KMB,Kimberly-Clark,"Consumer Staples",111.21,110.84,"108.49 x 800","113.19 x 1400","109.88 - 111.60","97.10 - 124.15","2,372,711",2364107,38.27,0.59,22.43,4.91,10/22/2018,"4.00 (3.51%)",9/6/2018,105.56,NULL
KIM,"Kimco Realty","Real Estate",16.44,16.39,"15.95 x 4000","17.50 x 29200","16.19 - 16.46","13.16 - 20.63","4,047,918",4086276,6.87,0.45,15.23,1.07,"Oct 23, 2018 - Oct 29, 2018","1.12 (6.80%)",10/1/2018,17.14,NULL
KLAC,"KLA-Tencor Corp.","Information Technology",116.77,115.31,"114.00 x 800","114.80 x 900","113.21 - 116.26","88.09 - 123.96","2,042,498",1382525,17.83,1.53,22.4,5.1,"Oct 24, 2018 - Oct 29, 2018","3.00 (2.54%)",8/14/2018,135.43,NULL
KSS,"Kohl's Corp.","Consumer Discretionary",75.11,74.75,"73.50 x 800","76.00 x 1200","74.13 - 76.47","36.50 - 79.92","2,767,199",3588171,12.64,1.07,14.55,5.2,8/21/2018,"2.44 (3.28%)",6/12/2018,76.24,NULL
KHC,"Kraft Heinz Co","Consumer Staples",60,59.76,"59.65 x 2200","59.82 x 3200","59.10 - 60.00","54.11 - 87.29","4,545,280",4887453,72.73,0.73,6.84,8.72,"Oct 30, 2018 - Nov 5, 2018","2.50 (4.08%)",8/16/2018,68.48,NULL
KR,"Kroger Co.","Consumer Staples",29.82,29.7,"28.63 x 4000","30.75 x 1100","29.61 - 30.30","19.69 - 31.45","6,361,199",10987550,24.01,0.92,7.41,4.07,9/13/2018,"0.56 (1.83%)",8/14/2018,30.45,NULL
LB,"L Brands Inc.","Consumer Discretionary",31.51,31.35,"30.17 x 800","32.50 x 900","30.74 - 31.99","30.42 - 63.10","6,242,781",4672435,8.66,0.15,9.54,3.28,8/22/2018,"2.40 (7.58%)",5/31/2018,36.36,NULL
LLL,"L-3 Communications Holdings",Industrials,210.93,210.69,"192.50 x 800","0.00 x 0","209.55 - 211.46","177.50 - 218.71","418,709",641576,16.45,1.4,18.84,11.15,"Oct 24, 2018 - Oct 29, 2018","3.20 (1.51%)",8/16/2018,244.08,NULL
LH,"Laboratory Corp. of America Holding","Health Care",179.94,180.03,"128.02 x 900","0.00 x 800","179.19 - 180.92","146.68 - 190.36","367,216",734604,18.37,1.33,14.22,12.63,"Oct 23, 2018 - Oct 29, 2018","N/A (N/A)",3/29/1994,198.81,NULL
LRCX,"Lam Research","Information Technology",184.49,180.57,"177.70 x 1000","178.80 x 800","177.44 - 181.43","149.82 - 234.88","2,758,399",3115351,29.22,1.45,13.52,13.17,"Oct 15, 2018 - Oct 19, 2018","4.40 (2.37%)",6/5/2018,241.55,NULL
LEG,"Leggett & Platt","Consumer Discretionary",43.93,43.79,"40.01 x 41800","0.00 x 4000","43.09 - 43.79","39.57 - 51.99","1,207,124",1174554,5.64,0.83,20.92,2.07,10/25/2018,"1.52 (3.43%)",6/14/2018,51,NULL
LEN,"Lennar Corp.","Consumer Discretionary",53.45,52.96,"50.13 x 1100","54.16 x 3200","52.07 - 53.47","48.69 - 72.17","2,841,036",3685745,17.24,1.23,14.17,3.77,"Oct 1, 2018 - Oct 5, 2018","0.16 (0.30%)",7/11/2018,70.88,NULL
LNC,"Lincoln National",Financials,66.69,65.8,"64.25 x 800","0.00 x 1000","64.14 - 65.85","61.18 - 86.68","1,320,572",1668925,14.01,2.13,7.27,8.89,"Oct 30, 2018 - Nov 5, 2018","1.32 (1.96%)",7/9/2018,78.64,NULL
LKQ,"LKQ Corporation","Consumer Discretionary",33.97,33.84,"31.00 x 3200","35.00 x 900","33.55 - 33.97","29.60 - 43.86","1,482,442",2320007,10.74,1.25,18.92,1.78,"Oct 24, 2018 - Oct 29, 2018","N/A (N/A)",N/A,43.29,NULL
LMT,"Lockheed Martin Corp.",Industrials,315.71,314.9,"314.00 x 3100","321.19 x 1000","311.39 - 314.90","291.52 - 363.00","1,081,970",1286829,88.68,0.72,35,8.95,"Oct 22, 2018 - Oct 26, 2018","8.00 (2.54%)",8/31/2018,375.76,NULL
L,"Loews Corp.",Financials,50.33,49.95,"35.02 x 1800","0.00 x 1800","49.69 - 50.23","45.01 - 53.59","839,669",1218343,15.83,0.47,14.29,3.51,"Oct 29, 2018 - Nov 2, 2018","0.25 (0.49%)",5/29/2018,54,NULL
LOW,"Lowe's Cos.","Consumer Discretionary",99.94,99.17,"99.30 x 800","100.60 x 1000","98.03 - 99.62","70.76 - 108.98","3,068,596",4714035,80.24,1.38,21.42,4.59,8/22/2018,"1.92 (1.94%)",7/24/2018,108.79,NULL
LYB,LyondellBasell,Materials,113.38,112.55,"106.40 x 800","0.00 x 800","111.91 - 113.01","85.35 - 121.95","1,766,508",1963712,43.83,1.4,8.41,13.38,10/30/2018,"4.00 (3.68%)",6/8/2018,118.9,NULL
MTB,"M&T Bank Corp.",Financials,175.94,173.9,"1.01 x 900","0.00 x 800","172.56 - 174.81","141.12 - 197.37","745,822",903454,25.01,0.96,17.95,9.69,"Oct 16, 2018 - Oct 22, 2018","3.20 (1.82%)",5/31/2018,191.4,NULL
MAC,Macerich,"Real Estate",58.86,58.78,"15.12 x 800","0.00 x 1400","58.67 - 59.33","52.12 - 69.73","802,395",1054850,8.89,0.8,371.65,0.16,"Oct 29, 2018 - Nov 2, 2018","2.96 (5.03%)",8/16/2018,62.91,NULL
M,"Macy's Inc.","Consumer Discretionary",40.56,40.18,"37.78 x 34100","40.81 x 4000","39.88 - 40.71","17.41 - 41.33","5,692,811",8966818,12.25,0.61,7.65,5.22,8/15/2018,"1.51 (3.79%)",6/14/2018,35.46,NULL
MPC,"Marathon Petroleum",Energy,80.75,80.34,"70.15 x 800","83.28 x 1800","80.33 - 81.24","49.30 - 83.33","2,708,360",5226979,36.5,1.6,9.82,8.24,"Oct 24, 2018 - Oct 29, 2018","1.84 (2.25%)",8/15/2018,98.69,NULL
MAR,"Marriott Int'l.","Consumer Discretionary",120.79,120.57,"120.01 x 1000","123.00 x 1400","119.78 - 121.64","96.90 - 149.21","2,169,807",1813757,41.69,1.27,32.1,3.74,"Nov 5, 2018 - Nov 9, 2018","1.64 (1.35%)",5/17/2018,146.6,NULL
MMC,"Marsh & McLennan",Financials,84.02,83.46,"0.00 x 2200","85.50 x 800","82.78 - 83.63","76.68 - 87.89","1,515,408",1783646,41.92,0.8,26,3.19,"Oct 24, 2018 - Oct 29, 2018","1.66 (1.98%)",7/10/2018,92.82,NULL
MLM,"Martin Marietta Materials",Materials,203.52,201.72,"0.00 x 900","205.97 x 800","199.68 - 202.40","189.27 - 241.33","861,851",613173,12.61,0.78,17.52,11.42,"Oct 31, 2018 - Nov 5, 2018","1.76 (0.86%)",5/31/2018,249.42,NULL
MAS,"Masco Corp.",Industrials,39.12,39,"38.89 x 2900","42.61 x 900","38.24 - 39.00","35.79 - 46.45","2,152,882",3204740,11.87,1.47,20.59,1.88,"Oct 22, 2018 - Oct 26, 2018","0.42 (1.07%)",7/12/2018,46.65,NULL
MA,"Mastercard Inc.","Information Technology",203.6,202.97,"202.60 x 800","206.26 x 1000","202.16 - 203.91","127.86 - 214.28","2,567,077",3221360,210.44,0.97,45.45,4.46,"Oct 29, 2018 - Nov 2, 2018","1.00 (0.49%)",7/6/2018,229.28,NULL
MKC,"McCormick & Co.","Consumer Staples",120.82,120.3,"117.00 x 1200","0.00 x 1800","119.64 - 121.44","93.70 - 122.58","464,093",970662,15.88,0.3,19.17,6.31,"Sep 26, 2018 - Oct 1, 2018","2.08 (1.71%)",7/6/2018,113.33,NULL
MCD,"McDonald's Corp.","Consumer Discretionary",159.3,158.34,"155.96 x 800","160.00 x 900","157.87 - 159.51","146.84 - 178.70","3,343,459",3605939,123.1,0.65,23.28,6.82,"Oct 22, 2018 - Oct 26, 2018","4.04 (2.54%)",8/31/2018,183.62,NULL
MDT,"Medtronic plc","Health Care",91.22,90.87,"89.21 x 4000","92.40 x 1800","90.08 - 91.13","76.41 - 91.47","3,444,269",4389098,122.47,0.75,39.91,2.27,8/21/2018,"2.00 (2.26%)",7/5/2018,94.6,NULL
MRK,"Merck & Co.","Health Care",66,65.9,"64.51 x 3200","66.71 x 3000","65.68 - 66.50","52.83 - 66.99","7,439,672",9233775,175.72,1.1,136.23,0.49,10/25/2018,"1.92 (2.88%)",9/14/2018,70.52,NULL
MET,"MetLife Inc.",Financials,46.12,45.6,"43.00 x 1100","47.60 x 3200","44.25 - 45.83","43.09 - 55.91","7,636,133",5361653,44.66,1.1,11,4.06,"Oct 30, 2018 - Nov 5, 2018","1.68 (3.62%)",8/3/2018,53.5,NULL
MTD,"Mettler Toledo","Health Care",575.6,572.28,"0.00 x 0","0.00 x 1100","570.62 - 576.20","540.24 - 697.26","75,242",203593,14.43,1.49,38.68,14.79,"Oct 31, 2018 - Nov 5, 2018","N/A (N/A)",N/A,620.8,NULL
MGM,"MGM Resorts International","Consumer Discretionary",29.11,28.99,"28.50 x 1000","29.94 x 900","28.57 - 29.03","26.85 - 38.41","7,741,910",10295031,15.52,1.53,8.83,3.27,"Nov 6, 2018 - Nov 12, 2018","0.48 (1.62%)",9/7/2018,35.56,NULL
KORS,"Michael Kors Holdings","Consumer Discretionary",72.34,71.76,"60.00 x 800","73.81 x 1000","71.12 - 73.25","41.47 - 73.25","3,192,375",2879960,10.9,-0.52,19.02,3.82,"Nov 5, 2018 - Nov 9, 2018","N/A (N/A)",N/A,76.73,NULL
MCHP,"Microchip Technology","Information Technology",98.08,88.4,"87.40 x 800","87.58 x 800","84.84 - 89.87","78.33 - 104.20","18,980,120",1991501,20.58,1.1,84.86,1.03,"Nov 5, 2018 - Nov 9, 2018","1.45 (1.49%)",5/18/2018,116.35,NULL
MU,"Micron Technology","Information Technology",52.26,51.25,"51.40 x 1000","51.44 x 1200","51.02 - 51.95","26.85 - 64.66","29,964,777",45071042,59.58,1.23,5.15,9.97,"Sep 24, 2018 - Sep 28, 2018","N/A (N/A)",5/7/1996,80.93,NULL
MSFT,"Microsoft Corp.","Information Technology",109.67,109.42,"109.20 x 900","109.23 x 1000","108.39 - 109.69","71.28 - 111.15","14,509,716",25334565,835.84,1.25,51.17,2.13,"Oct 24, 2018 - Oct 29, 2018","1.68 (1.53%)",8/15/2018,121.7,NULL
MAA,"Mid-America Apartments","Real Estate",101.21,101,"0.00 x 800","0.00 x 800","99.79 - 101.48","85.16 - 110.24","289,344",617396,11.78,0.43,33.08,3.02,"Oct 23, 2018 - Oct 29, 2018","3.69 (3.67%)",7/12/2018,104.15,NULL
MHK,"Mohawk Industries","Consumer Discretionary",184.29,183.7,"172.15 x 900","0.00 x 900","180.71 - 185.98","177.00 - 286.85","1,099,658",1067950,13.6,1.23,3.65,49.9,"Oct 24, 2018 - Oct 29, 2018","N/A (N/A)",N/A,231.53,NULL
TAP,"Molson Coors Brewing Company","Consumer Staples",66.54,66,"0.00 x 1200","71.00 x 1000","65.20 - 66.41","58.75 - 91.74","2,316,178",2452179,14.12,0.43,9,7.28,10/31/2018,"1.64 (2.46%)",8/30/2018,76.79,NULL
MDLZ,"Mondelez International","Consumer Staples",42.16,42.11,"41.86 x 900","42.00 x 4000","41.88 - 42.24","37.42 - 46.54","3,875,763",7453184,61.51,0.62,20.7,2.03,"Oct 29, 2018 - Nov 2, 2018","1.04 (2.42%)",9/27/2018,48.74,NULL
MNST,"Monster Beverage","Consumer Staples",60.98,60.58,"60.30 x 800","61.20 x 900","59.84 - 61.00","47.61 - 70.22","1,781,378",3136110,34.16,0.92,40.74,1.49,"Nov 6, 2018 - Nov 12, 2018","N/A (N/A)",N/A,65.25,NULL
MCO,"Moody's Corp",Financials,172.04,170.97,"0.00 x 900","176.00 x 1000","169.59 - 171.88","127.43 - 187.98","751,336",753798,32.81,1.06,30.47,5.61,"Nov 1, 2018 - Nov 5, 2018","1.76 (1.02%)",8/17/2018,186,NULL
MS,"Morgan Stanley",Financials,49.44,48.88,"48.50 x 800","50.19 x 3100","48.14 - 48.89","43.84 - 59.38","14,321,552",8964596,84.43,1.56,12.32,3.93,"Oct 15, 2018 - Oct 19, 2018","1.20 (2.39%)",7/30/2018,59.91,NULL
MSCI,"MSCI Inc",Financials,173.17,172.17,"160.00 x 900","0.00 x 800","171.68 - 173.99","106.13 - 176.88","432,290",554601,15.38,1.18,41.72,4.15,"Oct 31, 2018 - Nov 5, 2018","2.32 (1.34%)",8/16/2018,181.29,NULL
MYL,"Mylan N.V.","Health Care",36.61,36.51,"37.00 x 1400","37.85 x 1300","36.36 - 37.51","29.39 - 47.82","5,322,191",4599925,19.18,1.38,27.48,1.35,"Nov 5, 2018 - Nov 9, 2018","N/A (N/A)",6/27/2007,46.61,NULL
NDAQ,"Nasdaq, Inc.",Financials,92.82,92.21,"90.61 x 1300","94.00 x 3200","91.64 - 93.59","71.65 - 96.19","358,848",869012,15.16,0.39,20.47,4.5,"Oct 23, 2018 - Oct 29, 2018","1.76 (1.89%)",9/13/2018,99,NULL
NTAP,NetApp,"Information Technology",82.59,82.23,"81.96 x 2200","83.30 x 1800","81.79 - 83.33","37.55 - 83.60","1,646,894",2929398,21.43,1.65,292.68,0.28,8/15/2018,"1.00 (1.21%)",7/5/2018,79.14,NULL
NFLX,"Netflix Inc.","Information Technology",349.36,346.91,"345.87 x 2900","346.25 x 900","344.42 - 349.09","164.23 - 423.21","4,110,045",10900075,150.61,1.14,157,2.2,"Oct 15, 2018 - Oct 19, 2018","N/A (N/A)",N/A,377.6,NULL
NWL,"Newell Brands","Consumer Discretionary",20.88,20.93,"20.82 x 1100","0.00 x 900","20.65 - 21.04","20.21 - 50.90","11,819,212",7124935,10.11,0.57,4.9,4.25,"Oct 31, 2018 - Nov 5, 2018","0.92 (4.43%)",5/30/2018,27.83,NULL
NFX,"Newfield Exploration Co",Energy,27.51,27.44,"22.15 x 45900","28.00 x 900","27.29 - 28.04","22.72 - 35.20","2,289,625",2878253,5.51,1.66,14.45,1.93,"Oct 29, 2018 - Nov 2, 2018","N/A (N/A)",N/A,37.81,NULL
NEM,"Newmont Mining Corporation",Materials,35.71,35.56,"30.45 x 3000","38.90 x 800","35.39 - 35.96","34.20 - 42.04","3,537,690",4196720,18.99,0.5,116.72,0.31,"Oct 24, 2018 - Oct 29, 2018","0.56 (1.55%)",9/12/2018,44.16,NULL
NEE,"NextEra Energy",Utilities,170.85,171.47,"150.15 x 900","0.00 x 800","170.80 - 173.06","144.70 - 173.06","1,121,039",1774932,80.61,0.17,9.89,17.28,"Oct 24, 2018 - Oct 29, 2018","4.44 (2.60%)",8/29/2018,176.13,NULL
NLSN,"Nielsen Holdings",Industrials,22.15,22.1,"20.58 x 3200","23.20 x 900","21.54 - 22.11","20.53 - 42.16","6,656,979",4619807,7.8,0.91,18.31,1.2,"Oct 23, 2018 - Oct 29, 2018","1.40 (4.50%)",6/5/2018,27.43,NULL
NKE,Nike,"Consumer Discretionary",81.26,80.82,"79.48 x 900","82.00 x 1400","80.29 - 81.29","50.35 - 81.88","5,036,698",6277176,129.21,0.56,69,1.17,"Sep 24, 2018 - Sep 28, 2018","0.80 (0.99%)",6/1/2018,81.24,NULL
NI,"NiSource Inc.",Utilities,26.51,26.57,"0.00 x 800","27.21 x 4000","26.48 - 26.84","22.44 - 27.76","2,979,329",2662560,9.66,0.15,34.78,0.76,"Oct 30, 2018 - Nov 5, 2018","0.78 (2.94%)",7/30/2018,27.54,NULL
NBL,"Noble Energy Inc",Energy,30.63,30.61,"28.12 x 4000","35.98 x 900","30.26 - 30.67","22.99 - 37.76","5,541,213",4294690,14.69,1.19,16.7,1.83,"Oct 29, 2018 - Nov 2, 2018","0.44 (1.43%)",8/3/2018,44.31,NULL
JWN,Nordstrom,"Consumer Discretionary",52.55,52.26,"49.69 x 900","73.99 x 3000","52.06 - 53.30","37.79 - 54.61","2,211,920",2378259,8.8,0.62,19.27,2.73,8/16/2018,"1.48 (2.87%)",5/17/2018,52.88,NULL
NSC,"Norfolk Southern Corp.",Industrials,171.69,171,"0.00 x 1100","0.00 x 4000","170.19 - 172.62","114.89 - 174.43","1,191,783",1633595,48.15,1.5,8.6,20,"Oct 23, 2018 - Oct 29, 2018","3.20 (1.85%)",8/3/2018,172.05,NULL
NTRS,"Northern Trust Corp.",Financials,110.73,109.44,"100.08 x 1100","112.14 x 1800","107.60 - 109.89","85.69 - 115.61","1,243,664",968417,24.2,1.07,18.16,5.97,"Oct 16, 2018 - Oct 22, 2018","2.20 (1.97%)",9/13/2018,119.89,NULL
NOC,"Northrop Grumman Corp.",Industrials,291.43,290.83,"280.00 x 800","295.90 x 800","289.30 - 294.70","264.35 - 360.88","987,689",1139181,50.73,0.71,22.84,12.76,"Oct 23, 2018 - Oct 29, 2018","4.80 (1.63%)",6/1/2018,368.88,NULL
NCLH,"Norwegian Cruise Line","Consumer Discretionary",50.95,51.36,"45.70 x 800","52.00 x 800","49.88 - 51.36","46.16 - 61.18","1,854,963",1968146,11.37,1.73,14.51,3.49,"Aug 6, 2018 - Aug 10, 2018","N/A (N/A)",N/A,65.29,NULL
NUE,"Nucor Corp.",Materials,63.41,62.89,"62.50 x 2200","65.97 x 900","62.56 - 63.93","51.67 - 70.48","2,980,255",2310689,20.18,1.64,12.16,5.22,"Oct 17, 2018 - Oct 22, 2018","1.52 (2.36%)",6/28/2018,77.79,NULL
NVDA,"Nvidia Corporation","Information Technology",256.46,253.15,"254.05 x 800","254.49 x 900","252.70 - 256.09","152.91 - 269.20","5,764,071",10004104,154.66,1.43,42.35,6.02,8/16/2018,"0.60 (0.23%)",5/23/2018,281.09,NULL
ORLY,"O'Reilly Automotive","Consumer Discretionary",318.78,316.1,"299.55 x 800","350.00 x 800","315.79 - 319.86","186.82 - 321.01","440,750",669554,25.83,0.95,21.79,14.64,"Oct 23, 2018 - Oct 29, 2018","N/A (N/A)",N/A,329.16,NULL
OXY,"Occidental Petroleum",Energy,77.79,77.43,"0.00 x 1100","78.98 x 1100","77.30 - 78.89","58.44 - 87.67","8,380,585",4642393,60.33,0.6,31.89,2.47,"Oct 30, 2018 - Nov 5, 2018","3.12 (3.84%)",9/7/2018,96,NULL
OMC,"Omnicom Group","Consumer Discretionary",67.93,67.72,"0.00 x 800","0.00 x 800","67.16 - 67.98","65.32 - 83.34","1,417,055",2073828,15.22,0.85,13.69,4.96,"Oct 15, 2018 - Oct 19, 2018","2.40 (3.54%)",9/20/2018,74.2,NULL
OKE,ONEOK,Energy,68.74,68.66,"62.50 x 800","70.00 x 1800","68.60 - 69.24","49.65 - 71.99","2,107,317",2210342,28.34,1.28,35.55,1.94,"Oct 29, 2018 - Nov 2, 2018","3.30 (4.81%)",8/3/2018,71.75,NULL
ORCL,"Oracle Corp.","Information Technology",48.54,48.37,"0.00 x 800","48.51 x 1000","48.23 - 48.72","42.57 - 53.48","10,502,185",18317451,192.37,1.12,53.69,0.9,"Sep 12, 2018 - Sep 17, 2018","0.76 (1.57%)",7/16/2018,54.28,NULL
PCAR,"PACCAR Inc.",Industrials,64.31,63.88,"62.00 x 900","65.70 x 1400","63.03 - 64.07","59.82 - 79.69","1,310,066",1910493,22.28,1.04,10.87,5.85,"Oct 22, 2018 - Oct 26, 2018","1.12 (1.74%)",8/13/2018,71.16,NULL
PKG,"Packaging Corporation of America",Materials,111.56,111.15,"0.00 x 1000","0.00 x 900","110.21 - 111.15","106.49 - 131.13","500,941",695635,10.35,1.83,14.23,7.77,"Oct 23, 2018 - Oct 29, 2018","3.16 (2.85%)",6/14/2018,126.75,NULL
PH,Parker-Hannifin,Industrials,170.99,170.05,"0.00 x 800","0.00 x 800","167.61 - 170.05","152.47 - 212.80","871,738",1099345,22.34,1.26,21.46,7.83,"Oct 31, 2018 - Nov 5, 2018","3.04 (1.76%)",5/9/2018,188,NULL
PAYX,"Paychex Inc.","Information Technology",71.25,70.9,"67.35 x 800","72.00 x 800","70.87 - 71.43","54.20 - 73.10","920,251",2061207,25.5,0.91,27.53,2.58,"Oct 1, 2018 - Oct 5, 2018","2.24 (3.15%)",7/31/2018,68.77,NULL
PYPL,PayPal,"Information Technology",87.17,86.55,"87.00 x 2200","87.11 x 1800","86.01 - 88.03","57.58 - 92.35","5,121,370",7719784,102.99,1.25,51.82,1.68,"Oct 17, 2018 - Oct 22, 2018","N/A (N/A)",N/A,95.72,NULL
PNR,"Pentair plc",Industrials,43.68,43.46,"38.85 x 3200","46.06 x 4000","42.87 - 43.64","39.71 - 50.26","1,296,614",1616864,7.59,1.4,17.12,2.53,"Oct 22, 2018 - Oct 26, 2018","0.70 (1.59%)",7/19/2018,49.17,NULL
PBCT,"People's United Financial",Financials,18.5,18.36,"10.40 x 800","19.00 x 3100","18.23 - 18.46","15.97 - 20.26","1,585,502",2805754,6.29,0.95,15.77,1.17,"Oct 18, 2018 - Oct 19, 2018","0.70 (3.77%)",7/31/2018,19.83,NULL
PEP,"PepsiCo Inc.","Consumer Staples",113.7,113.59,"112.99 x 2200","113.20 x 1300","112.57 - 113.96","95.94 - 122.51","3,544,469",5999907,159.63,0.64,35.15,3.21,"Oct 2, 2018 - Oct 8, 2018","3.71 (3.27%)",9/6/2018,117.95,NULL
PKI,PerkinElmer,"Health Care",85.59,85.15,"0.00 x 900","103.61 x 1000","84.71 - 85.70","62.43 - 87.72","364,953",616203,9.4,1.36,67.24,1.26,"Oct 31, 2018 - Nov 5, 2018","0.28 (0.33%)",10/18/2018,87.25,NULL
PRGO,Perrigo,"Health Care",70.03,69.01,"66.00 x 1000","72.01 x 800","67.69 - 70.83","67.69 - 95.93","3,731,355",1258160,9.68,0.79,83.21,0.84,"Aug 7, 2018 - Aug 13, 2018","0.76 (1.00%)",5/31/2018,88.13,NULL
PFE,"Pfizer Inc.","Health Care",41,40.81,"0.00 x 21500","0.00 x 1200","40.70 - 41.31","32.32 - 41.64","17,261,979",20403512,239.42,0.96,10.93,3.74,"Oct 29, 2018 - Nov 2, 2018","1.36 (3.33%)",8/2/2018,40.6,NULL
PCG,"PG&E Corp.",Utilities,43.9,43.72,"0.00 x 3100","0.00 x 800","42.59 - 43.74","37.30 - 71.57","7,867,795",5229751,22.07,-0.12,182.35,0.23,"Oct 31, 2018 - Nov 5, 2018","N/A (N/A)",9/28/2017,49.5,NULL
PM,"Philip Morris International","Consumer Staples",84.4,83.41,"82.56 x 1800","0.00 x 1000","82.17 - 83.48","76.21 - 119.43","5,087,701",6200260,128.34,0.74,20.04,4.12,10/18/2018,"4.56 (5.44%)",6/21/2018,93,NULL
PSX,"Phillips 66",Energy,122.18,121.73,"122.59 x 900","0.00 x 800","121.71 - 122.75","80.73 - 123.97","1,847,443",2361451,56.91,0.91,10.37,11.82,"Oct 25, 2018 - Oct 29, 2018","3.20 (2.60%)",8/20/2018,125.57,NULL
PNW,"Pinnacle West Capital",Utilities,81.31,81.56,"0.00 x 900","0.00 x 900","81.21 - 82.38","73.41 - 92.48","567,284",848770,9.1,0.03,19.55,4.16,"Nov 1, 2018 - Nov 5, 2018","2.78 (3.44%)",7/31/2018,83.33,NULL
PXD,"Pioneer Natural Resources",Energy,185.65,185.75,"0.00 x 800","0.00 x 800","185.12 - 188.01","125.46 - 213.40","1,328,467",1431032,31.72,1.21,36.12,5.15,"Oct 30, 2018 - Nov 5, 2018","0.32 (0.17%)",3/28/2018,245.52,NULL
PNC,"PNC Financial Services",Financials,145.22,143.53,"134.53 x 800","149.51 x 1400","142.75 - 144.17","119.77 - 163.59","1,540,825",2215600,66.65,1.01,12.49,11.49,10/12/2018,"3.80 (2.60%)",7/16/2018,158.68,NULL
RL,"Polo Ralph Lauren Corp.","Consumer Discretionary",136.63,135.67,"0.00 x 800","162.00 x 800","134.84 - 137.35","82.31 - 147.79","640,535",1173648,11.07,0.67,53.15,2.57,"Oct 31, 2018 - Nov 5, 2018","2.50 (1.88%)",6/28/2018,136.4,NULL
PPG,"PPG Industries",Materials,109.21,108.68,"0.00 x 900","0.00 x 800","107.37 - 108.99","100.36 - 122.07","628,175",1847787,26.01,1.58,18.5,5.81,"Oct 17, 2018 - Oct 22, 2018","1.92 (1.75%)",8/9/2018,120.38,NULL
PPL,"PPL Corp.",Utilities,28.93,29,"28.63 x 800","0.00 x 1000","28.79 - 29.44","25.30 - 39.90","6,922,860",6725037,20.16,0.42,16.92,1.7,11/1/2018,"1.64 (5.74%)",6/7/2018,31.21,NULL
PX,"Praxair Inc.",Materials,157.15,155.83,"0.00 x 800","0.00 x 800","154.13 - 155.83","127.36 - 168.54","1,303,689",1470225,44.51,1.16,32.2,4.81,"Oct 24, 2018 - Oct 29, 2018","3.30 (2.10%)",8/3/2018,175.94,NULL
PFG,"Principal Financial Group",Financials,55.64,55.23,"53.00 x 900","55.98 x 1800","53.55 - 55.23","52.31 - 75.58","997,261",1420684,15.37,1.32,6.3,8.56,10/25/2018,"2.12 (3.76%)",9/5/2018,65.15,NULL
PG,"Procter & Gamble","Consumer Staples",81.4,81.3,"0.00 x 1200","0.00 x 4000","81.00 - 81.76","70.73 - 94.67","5,566,313",8285989,203.42,0.43,22.19,3.67,"Oct 18, 2018 - Oct 22, 2018","2.87 (3.48%)",7/19/2018,83.03,NULL
PGR,"Progressive Corp.",Financials,62.54,62.18,"61.12 x 1300","63.02 x 1800","61.92 - 62.65","43.59 - 64.77","2,446,147",3505849,36.37,0.43,16.53,3.78,8/15/2018,"1.12 (1.82%)",2/1/2018,66.88,NULL
PLD,Prologis,"Real Estate",65.37,65.26,"60.00 x 800","0.00 x 800","64.52 - 65.40","58.28 - 67.53","2,430,299",3016976,34.98,1,18.58,3.47,"Oct 15, 2018 - Oct 19, 2018","1.92 (2.92%)",6/13/2018,71.25,NULL
PRU,"Prudential Financial",Financials,99.94,98.44,"96.00 x 800","100.00 x 1000","96.32 - 98.79","92.05 - 127.14","2,386,810",1964423,40.51,1.56,5.59,17.36,11/7/2018,"3.60 (3.55%)",8/20/2018,118.8,NULL
PEG,"Public Serv. Enterprise Inc.",Utilities,51.98,52.07,"0.00 x 3200","69.43 x 2900","51.29 - 52.32","45.05 - 54.50","2,273,161",2947860,25.93,0.2,11.96,4.29,"Oct 29, 2018 - Nov 2, 2018","1.80 (3.51%)",9/6/2018,56.19,NULL
PSA,"Public Storage","Real Estate",215.79,215.19,"191.07 x 1200","245.00 x 800","214.23 - 217.23","180.48 - 234.90","526,742",913940,37.46,0.25,29.91,7.18,"Oct 23, 2018 - Oct 29, 2018","8.00 (3.68%)",9/11/2018,206.92,NULL
PHM,"Pulte Homes Inc.","Consumer Discretionary",29.33,29.12,"0.00 x 800","29.98 x 3200","28.49 - 29.12","24.66 - 35.21","5,023,348",4569379,8.16,0.74,11.28,2.55,"Oct 22, 2018 - Oct 26, 2018","0.36 (1.22%)",6/6/2018,34.06,NULL
PVH,"PVH Corp.","Consumer Discretionary",156.18,154.95,"0.00 x 2900","0.00 x 900","153.26 - 155.98","118.66 - 169.22","789,779",918628,11.85,0.72,18.65,8.24,"Aug 21, 2018 - Aug 27, 2018","0.15 (0.10%)",2/27/2018,173.67,NULL
PWR,"Quanta Services Inc.",Industrials,34.7,34.4,"30.11 x 900","39.00 x 1800","34.10 - 34.76","32.19 - 40.10","1,446,330",1295265,5.17,0.7,17.23,2,"Oct 31, 2018 - Nov 5, 2018","N/A (N/A)",N/A,46.5,NULL
DGX,"Quest Diagnostics","Health Care",108.4,108.08,"107.17 x 1000","115.00 x 4000","108.08 - 108.96","95.27 - 116.49","636,115",923912,14.83,1.19,18.68,5.81,"Oct 17, 2018 - Oct 22, 2018","2.00 (1.85%)",7/6/2018,116.93,NULL
RJF,"Raymond James Financial Inc.",Financials,90.8,89.89,"0.00 x 800","0.00 x 900","89.07 - 90.40","74.14 - 102.17","613,771",809464,12.69,1.86,16.98,5.3,10/24/2018,"1.20 (1.31%)",6/29/2018,108.14,NULL
RTN,"Raytheon Co.",Industrials,196.1,195.81,"0.00 x 800","0.00 x 800","194.52 - 197.17","175.26 - 229.75","1,241,424",1757654,56.01,0.55,23.69,8.29,"Oct 24, 2018 - Oct 29, 2018","3.47 (1.76%)",7/10/2018,236.24,NULL
O,"Realty Income Corporation","Real Estate",56.98,56.91,"0.00 x 1000","0.00 x 900","56.51 - 57.23","47.25 - 60.05","970,756",1862643,16.43,0.26,48.63,1.16,"Oct 23, 2018 - Oct 29, 2018","2.64 (4.62%)",7/31/2018,56.96,NULL
RHT,"Red Hat Inc.","Information Technology",144.72,143.33,"0.00 x 800","0.00 x 800","143.10 - 145.63","96.10 - 177.70","808,092",2200789,25.68,1.22,91.23,1.59,"Sep 24, 2018 - Sep 28, 2018","N/A (N/A)",N/A,164.88,NULL
REG,"Regency Centers Corporation","Real Estate",63.32,63.47,"0.00 x 900","0.00 x 1000","63.11 - 63.66","54.87 - 70.64","928,542",1354064,10.74,0.43,43.95,1.44,"Oct 30, 2018 - Nov 5, 2018","2.22 (3.51%)",8/14/2018,67.6,NULL
REGN,Regeneron,"Health Care",372.14,371.22,"363.00 x 900","388.00 x 800","364.86 - 371.85","281.89 - 505.49","564,650",859668,39.69,1.58,26.78,13.77,"Nov 6, 2018 - Nov 12, 2018","N/A (N/A)",N/A,406.05,NULL
RF,"Regions Financial Corp.",Financials,19.28,19.06,"17.66 x 40000","0.00 x 28000","18.97 - 19.22","13.03 - 20.21","8,846,943",11054532,21.31,1.37,16.02,1.19,"Oct 22, 2018 - Oct 26, 2018","0.56 (2.89%)",9/6/2018,20.25,NULL
RSG,"Republic Services Inc",Industrials,73.18,73.08,"0.00 x 800","0.00 x 1800","72.77 - 73.26","60.26 - 73.31","1,307,278",1387673,23.72,0.52,17.9,4.07,"Oct 31, 2018 - Nov 5, 2018","1.50 (2.06%)",9/28/2018,72.63,NULL
RMD,ResMed,"Health Care",108.09,107.43,"0.00 x 1400","0.00 x 800","107.24 - 108.27","72.44 - 109.97","536,522",661353,15.38,1.29,49.21,2.19,"Oct 24, 2018 - Oct 29, 2018","1.48 (1.37%)",8/15/2018,103.08,NULL
RHI,"Robert Half International",Industrials,79.48,78.75,"0.00 x 900","0.00 x 800","78.09 - 79.57","42.92 - 79.91","1,041,071",1116576,9.57,1.38,28.9,2.74,"Oct 22, 2018 - Oct 26, 2018","1.12 (1.41%)",8/23/2018,67.25,NULL
ROK,"Rockwell Automation Inc.",Industrials,174.99,174.47,"0.00 x 900","0.00 x 900","172.53 - 174.93","155.81 - 210.72","959,578",1167526,21.34,1.23,56.45,3.07,"Nov 6, 2018 - Nov 12, 2018","3.68 (2.08%)",8/10/2018,181.87,NULL
COL,"Rockwell Collins",Industrials,136.89,136.68,"1.01 x 900","138.00 x 1200","135.85 - 136.68","121.46 - 139.63","1,258,983",1146537,22.37,0.71,22.4,6.08,"Oct 25, 2018 - Oct 29, 2018","1.32 (0.96%)",8/17/2018,135.3,NULL
ROP,"Roper Technologies",Industrials,295.47,294.67,"0.00 x 800","0.00 x 800","292.35 - 294.67","227.31 - 312.38","246,287",411115,30.31,1.4,28.4,10.33,"Oct 29, 2018 - Nov 2, 2018","1.65 (0.56%)",7/6/2018,324,NULL
ROST,"Ross Stores","Consumer Discretionary",92.17,91.32,"75.00 x 800","92.20 x 1400","90.93 - 92.60","52.85 - 92.72","2,597,880",2549781,34.49,0.72,23.86,3.84,8/23/2018,"0.90 (0.98%)",6/11/2018,90.8,NULL
RCL,"Royal Caribbean Cruises Ltd","Consumer Discretionary",114.18,114.07,"0.00 x 800","0.00 x 1800","113.54 - 115.46","101.20 - 135.65","1,611,680",1979759,23.75,1.42,14.13,8.04,"Nov 5, 2018 - Nov 9, 2018","2.40 (2.16%)",6/1/2018,141.17,NULL
CRM,Salesforce.com,"Information Technology",145.82,144.93,"145.52 x 800","0.00 x 1400","144.35 - 147.00","89.10 - 149.35","2,748,786",4911734,108.1,1.13,229.51,0.63,8/29/2018,"N/A (N/A)",N/A,150.4,NULL
SBAC,"SBA Communications","Real Estate",156.95,156.68,"154.00 x 800","158.00 x 1200","155.62 - 157.11","138.72 - 177.67","464,113",867004,17.93,0.96,591.29,0.26,"Feb 23, 2017 - Feb 27, 2017","N/A (N/A)",N/A,179.75,NULL
STX,"Seagate Technology","Information Technology",51.02,50.56,"50.83 x 1000","51.05 x 1200","50.05 - 51.40","30.60 - 62.70","4,593,373",2853917,14.61,1.44,17.85,2.85,"Oct 22, 2018 - Oct 26, 2018","2.52 (4.29%)",6/19/2018,58.33,NULL
SEE,"Sealed Air",Materials,41.46,41.34,"0.00 x 1000","0.00 x 800","39.53 - 41.34","39.53 - 49.94","2,700,402",1694326,6.31,0.74,10.3,3.86,"Nov 6, 2018 - Nov 12, 2018","0.64 (1.56%)",9/6/2018,49.75,NULL
SHW,Sherwin-Williams,Materials,444.05,443.43,"1.01 x 900","0.00 x 0","439.69 - 444.91","326.68 - 450.83","507,322",662851,41.15,1.48,22.59,19.61,"Oct 22, 2018 - Oct 26, 2018","3.44 (0.78%)",8/16/2018,470.09,NULL
SPG,"Simon Property Group Inc","Real Estate",176.7,176.58,"160.00 x 1100","0.00 x 1000","173.85 - 176.73","145.78 - 179.45","1,214,658",1473010,62.09,0.71,24.03,7.26,"Oct 25, 2018 - Oct 29, 2018","8.00 (4.54%)",8/16/2018,185.59,NULL
SWKS,"Skyworks Solutions","Information Technology",94.33,93.47,"92.80 x 1100","93.49 x 800","92.24 - 93.74","86.13 - 117.65","1,845,173",1818804,16.66,0.76,18.79,4.95,"Nov 5, 2018 - Nov 9, 2018","1.52 (1.59%)",8/6/2018,115.58,NULL
SLG,"SL Green Realty","Real Estate",104.85,104.53,"0.00 x 800","0.00 x 800","103.79 - 105.00","89.46 - 106.35","342,539",813689,9.39,1.33,35.43,2.93,"Oct 16, 2018 - Oct 22, 2018","3.25 (3.09%)",6/28/2018,111.33,NULL
SNA,"Snap-On Inc.","Consumer Discretionary",171.55,171.31,"0.00 x 1000","0.00 x 800","169.80 - 172.11","140.83 - 185.47","331,074",608509,9.6,1.01,16.27,10.46,"Oct 17, 2018 - Oct 22, 2018","3.28 (1.92%)",8/16/2018,189.57,NULL
SO,"Southern Co.",Utilities,46.81,46.72,"0.00 x 1100","0.00 x 1000","46.06 - 46.82","42.38 - 53.51","6,840,346",5129610,46.67,-0.01,41.63,1.11,"Oct 30, 2018 - Nov 5, 2018","2.40 (5.12%)",8/17/2018,46.09,NULL
LUV,"Southwest Airlines",Industrials,58.99,58.78,"58.00 x 1000","59.39 x 3000","58.30 - 59.09","49.76 - 66.99","3,218,707",5746521,33.8,1.21,9.64,6.12,10/25/2018,"0.64 (1.09%)",8/21/2018,65.2,NULL
SPGI,"S&P Global, Inc.",Financials,200.95,200.46,"0.00 x 1100","0.00 x 1000","199.75 - 201.93","149.04 - 217.31","843,693",1076240,50.59,1.09,31.61,6.37,"Oct 24, 2018 - Oct 29, 2018","2.00 (0.99%)",8/27/2018,220.15,NULL
SWK,"Stanley Black & Decker","Consumer Discretionary",141.85,141.3,"138.00 x 800","149.00 x 800","138.63 - 141.30","130.56 - 176.62","883,522",1326618,21.31,1.29,20.93,6.65,"Oct 22, 2018 - Oct 26, 2018","2.64 (1.82%)",9/6/2018,177.43,NULL
SBUX,"Starbucks Corp.","Consumer Discretionary",51.92,51.59,"51.52 x 1000","51.70 x 4000","51.19 - 51.63","47.37 - 61.94","9,959,187",11596143,69.49,0.58,16.08,3.2,11/1/2018,"1.44 (2.77%)",8/8/2018,58.09,NULL
STT,"State Street Corp.",Financials,85.8,84.65,"0.00 x 800","90.00 x 1100","83.52 - 84.83","83.52 - 114.27","2,504,218",2206448,31.87,1.39,13.88,6.05,"Oct 22, 2018 - Oct 26, 2018","1.88 (2.17%)",9/28/2018,105.06,NULL
SRCL,"Stericycle Inc",Industrials,61.58,61.39,"54.00 x 1300","63.37 x 800","61.19 - 61.65","56.64 - 76.73","698,529",799385,5.28,0.48,31.87,1.93,"Nov 6, 2018 - Nov 12, 2018","N/A (N/A)",N/A,77.75,NULL
SYK,"Stryker Corp.","Health Care",167.01,166.42,"163.25 x 1800","0.00 x 800","165.38 - 167.14","137.70 - 179.84","764,323",1392968,62.04,0.4,58.57,2.83,"Oct 24, 2018 - Oct 29, 2018","1.88 (1.13%)",9/27/2018,183.8,NULL
STI,"SunTrust Banks",Financials,72.77,71.95,"0.00 x 1400","0.00 x 800","71.65 - 72.22","51.96 - 73.44","2,004,121",2842973,33.47,1.48,13.54,5.31,"Oct 18, 2018 - Oct 22, 2018","1.60 (2.20%)",5/30/2018,77.35,NULL
SIVB,"SVB Financial",Financials,319,315.59,"297.28 x 1000","326.00 x 800","313.83 - 318.69","159.44 - 333.74","272,126",477000,16.86,1.83,24.3,13.04,10/25/2018,"N/A (N/A)",2/10/1992,358.74,NULL
SYMC,"Symantec Corp.","Information Technology",19.23,19.17,"18.87 x 21500","19.29 x 1000","18.96 - 19.27","17.81 - 34.20","5,156,343",11647707,11.92,0.6,10.46,1.83,"Oct 30, 2018 - Nov 5, 2018","0.30 (1.54%)",8/17/2018,21.47,NULL
SYF,"Synchrony Financial",Financials,29.98,29.65,"0.00 x 1200","30.73 x 800","29.38 - 29.76","28.33 - 40.59","5,212,883",5749739,21.78,0.97,10.03,2.93,"Oct 18, 2018 - Oct 22, 2018","0.84 (2.79%)",8/3/2018,38.75,NULL
SNPS,"Synopsys Inc.","Information Technology",93.42,92.77,"86.27 x 800","94.00 x 1000","92.77 - 93.83","76.61 - 94.80","991,339",976635,13.94,1.26,151.34,0.62,8/22/2018,"N/A (N/A)",N/A,105.43,NULL
SYY,"Sysco Corp.","Consumer Staples",70.03,68.82,"0.00 x 1000","71.25 x 1400","68.16 - 69.56","50.05 - 71.97","3,870,882",2203020,35.68,0.41,28.41,2.41,8/13/2018,"1.44 (2.06%)",10/4/2018,67.23,NULL
TROW,"T. Rowe Price Group",Financials,118.89,117.96,"113.00 x 1100","125.65 x 1200","116.68 - 118.03","81.61 - 127.43","865,159",1097242,28.49,1.12,18.07,6.48,10/25/2018,"2.80 (2.35%)",6/14/2018,131.08,NULL
TTWO,"Take-Two Interactive","Information Technology",125.2,124.4,"127.50 x 900","130.00 x 1200","124.40 - 130.00","89.82 - 130.43","2,558,812",2040343,14.66,1.51,80.5,1.6,"Nov 5, 2018 - Nov 9, 2018","N/A (N/A)",N/A,137.2,NULL
TPR,"Tapestry, Inc.","Consumer Discretionary",47.54,47.31,"0.00 x 1800","55.00 x 2200","47.14 - 48.06","2.93 - 55.50","2,927,774",3120290,13.8,0.06,40.72,1.18,8/14/2018,"1.35 (2.87%)",6/7/2018,55.74,NULL
TGT,"Target Corp.","Consumer Discretionary",82.62,82.3,"0.00 x 1800","83.50 x 1400","82.23 - 83.17","53.90 - 83.17","2,343,280",4658226,44.1,0.63,15.18,5.45,8/22/2018,"2.56 (3.11%)",8/14/2018,78.6,NULL
TEL,"TE Connectivity Ltd.","Information Technology",93.65,92.68,"0.00 x 900","0.00 x 21500","91.73 - 92.68","77.15 - 108.23","1,648,570",1619903,32.11,1.08,24.85,3.71,"Oct 30, 2018 - Nov 5, 2018","1.76 (1.88%)",5/24/2018,114,NULL
FTI,TechnipFMC,Energy,29.99,29.88,"29.60 x 4000","29.67 x 3000","29.82 - 30.17","24.53 - 35.00","2,177,636",3597943,13.53,0.73,62.63,0.48,"Feb 14, 2017 - Feb 20, 2017","0.52 (1.70%)",5/21/2018,36.27,NULL
TXN,"Texas Instruments","Information Technology",114.34,111.74,"110.08 x 1300","110.34 x 1100","109.35 - 112.31","79.60 - 120.75","6,288,649",4301006,107.03,1.15,25.33,4.35,"Oct 22, 2018 - Oct 26, 2018","2.48 (2.13%)",7/30/2018,124.7,NULL
TXT,"Textron Inc.",Industrials,66.21,65.99,"61.79 x 800","0.00 x 800","65.40 - 66.21","47.24 - 69.36","1,281,741",1591281,16.33,1.42,37.19,1.77,"Oct 17, 2018 - Oct 22, 2018","0.08 (0.12%)",9/13/2018,73.75,NULL
TMO,"Thermo Fisher Scientific","Health Care",233.24,231.25,"0.00 x 800","277.77 x 800","230.61 - 232.98","194.51 - 236.29","1,151,343",1379959,93.22,1.4,39.08,5.92,"Oct 23, 2018 - Oct 29, 2018","0.68 (0.29%)",9/14/2018,251.43,NULL
TIF,"Tiffany & Co.","Consumer Discretionary",137.1,134.39,"0.00 x 800","0.00 x 1100","131.75 - 135.40","86.15 - 141.64","1,250,291",1618931,16.69,1.69,39.98,3.36,8/28/2018,"2.20 (1.61%)",6/19/2018,137.04,NULL
TWTR,"Twitter, Inc.","Information Technology",31.96,31.65,"31.95 x 900","0.00 x 1400","31.47 - 32.25","15.77 - 47.79","16,073,873",30932373,24.17,0.56,103.59,0.31,10/25/2018,"N/A (N/A)",N/A,33.92,NULL
TJX,"TJX Companies Inc.","Consumer Discretionary",99.81,99.73,"0.00 x 1100","100.80 x 800","99.36 - 101.23","66.44 - 101.23","3,825,551",3248612,62.96,0.38,23.13,4.35,8/21/2018,"1.56 (1.56%)",8/15/2018,98,NULL
TMK,"Torchmark Corp.",Financials,87.53,86.75,"0.00 x 900","0.00 x 800","86.05 - 87.21","74.48 - 93.60","436,530",513025,9.84,0.9,6.6,13.12,"Oct 22, 2018 - Oct 26, 2018","0.64 (0.73%)",7/3/2018,87.38,NULL
TSS,"Total System Services","Information Technology",93.49,93.1,"0.00 x 800","0.00 x 800","92.94 - 94.60","63.22 - 97.82","982,264",1259500,17.12,1.37,26.64,3.52,"Oct 22, 2018 - Oct 26, 2018","0.52 (0.56%)",6/20/2018,101.71,NULL
TSCO,"Tractor Supply Company","Consumer Discretionary",81.06,80.51,"78.00 x 900","81.50 x 1200","80.10 - 80.87","51.85 - 82.68","667,896",1543209,9.81,1.26,20.93,3.84,10/25/2018,"1.24 (1.53%)",5/25/2018,83,NULL
TDG,"TransDigm Group",Industrials,359.38,358.26,"306.00 x 1400","0.00 x 1400","356.07 - 359.54","249.57 - 377.67","288,925",339690,18.72,0.85,27.61,12.93,"Nov 7, 2018 - Nov 12, 2018","N/A (N/A)",8/31/2017,373.57,NULL
TRV,"The Travelers Companies Inc.",Financials,129.56,128.73,"0.00 x 800","133.60 x 1300","127.61 - 129.16","113.76 - 150.55","957,750",1392381,34.5,1.27,17.46,7.38,"Oct 17, 2018 - Oct 22, 2018","3.08 (2.38%)",9/7/2018,139.06,NULL
FOXA,"Twenty-First Century Fox Class A","Consumer Discretionary",45.6,45.41,"45.20 x 4000","46.20 x 1100","45.28 - 45.60","24.81 - 50.15","4,500,159",15327551,83.9,1.07,21.03,2.16,"Nov 6, 2018 - Nov 12, 2018","0.36 (0.79%)",3/13/2018,49.59,NULL
FOX,"Twenty-First Century Fox Class B","Consumer Discretionary",45.06,44.9,"44.40 x 800","45.21 x 3000","44.72 - 45.07","24.30 - 49.65","2,515,074",4797743,83.68,1.05,20.77,2.16,N/A,"0.36 (0.80%)",3/13/2018,45,NULL
TSN,"Tyson Foods","Consumer Staples",59.7,59.52,"0.00 x 1000","61.79 x 900","59.50 - 60.54","56.79 - 84.65","2,601,433",2475889,22.02,-0.07,7.98,7.54,"Feb 5, 2018 - Feb 9, 2018","1.20 (2.02%)",8/30/2018,71.2,NULL
UDR,"UDR Inc","Real Estate",39.12,39.07,"0.00 x 1000","41.05 x 800","38.56 - 39.11","32.88 - 39.46","1,420,951",1475992,11.21,0.47,56.75,0.68,"Oct 29, 2018 - Nov 2, 2018","1.29 (3.32%)",7/9/2018,39.24,NULL
ULTA,"Ulta Beauty","Consumer Discretionary",236.15,234.25,"232.56 x 2900","237.08 x 900","232.52 - 237.49","187.96 - 261.40","543,113",896928,14.23,0.82,24.62,9.61,8/30/2018,"N/A (N/A)",3/16/2012,270,NULL
USB,"U.S. Bancorp",Financials,53.48,52.93,"52.05 x 40700","0.00 x 1200","52.75 - 53.32","48.49 - 58.50","5,491,998",7059948,86.5,1.01,13.86,3.83,10/17/2018,"1.20 (2.24%)",6/28/2018,57.15,NULL
UNP,"Union Pacific",Industrials,148.76,148.01,"0.00 x 1200","0.00 x 1000","147.46 - 149.40","102.87 - 151.50","2,308,552",3557237,110.07,0.86,10.31,14.44,10/25/2018,"3.20 (2.14%)",8/30/2018,155.84,NULL
UAL,"United Continental Holdings",Industrials,82.75,82.25,"80.50 x 900","84.00 x 1100","80.65 - 82.33","56.51 - 83.66","2,354,112",3336243,22.28,1.21,11.54,7.08,"Oct 16, 2018 - Oct 22, 2018","N/A (N/A)",1/7/2008,91.15,NULL
UNH,"United Health Group Inc.","Health Care",261.59,260.49,"0.00 x 800","0.00 x 1000","259.11 - 261.50","186.00 - 263.02","1,625,059",2433106,250.59,0.76,21.67,12.01,"Oct 15, 2018 - Oct 19, 2018","3.60 (1.39%)",9/6/2018,284.5,NULL
UPS,"United Parcel Service",Industrials,120.87,120.52,"0.00 x 1200","0.00 x 900","119.00 - 120.79","101.45 - 135.53","2,341,356",2698967,102.61,0.98,20.05,5.95,10/25/2018,"3.64 (3.02%)",5/18/2018,127.38,NULL
URI,"United Rentals, Inc.",Industrials,150.76,149.26,"0.00 x 1000","183.48 x 900","147.30 - 150.16","106.52 - 190.74","703,381",1209070,12.3,2.69,8.18,18.17,"Oct 16, 2018 - Oct 22, 2018","N/A (N/A)",N/A,188.42,NULL
UTX,"United Technologies",Industrials,134.24,133.54,"125.30 x 800","0.00 x 800","132.29 - 133.75","109.10 - 139.24","2,407,567",3659314,106.49,1.13,20.96,6.35,"Oct 22, 2018 - Oct 26, 2018","2.80 (2.08%)",8/16/2018,151.65,NULL
UHS,"Universal Health Services, Inc.","Health Care",123.67,123.05,"0.00 x 1000","0.00 x 800","123.05 - 124.70","95.26 - 128.15","701,505",781282,11.69,0.88,14.58,8.53,"Oct 23, 2018 - Oct 29, 2018","0.40 (0.33%)",8/31/2018,133,NULL
UNM,"Unum Group",Financials,36.02,35.44,"0.00 x 1000","39.20 x 4000","34.57 - 35.44","34.57 - 58.73","1,939,718",1872689,7.69,1.41,7.3,4.82,"Oct 23, 2018 - Oct 29, 2018","1.04 (2.87%)",7/27/2018,45.5,NULL
VFC,"V.F. Corp.","Consumer Discretionary",95.55,95.36,"60.00 x 800","0.00 x 800","95.25 - 97.00","61.56 - 97.00","2,757,536",2092375,37.98,0.72,36.46,2.64,"Oct 22, 2018 - Oct 26, 2018","1.84 (1.94%)",9/7/2018,100.86,NULL
VLO,"Valero Energy",Energy,115.14,114.61,"0.00 x 800","118.95 x 800","114.45 - 115.51","64.22 - 126.98","2,059,267",3290265,49.72,1.02,11.11,10.38,"Oct 24, 2018 - Oct 29, 2018","3.20 (2.76%)",8/6/2018,132.33,NULL
VAR,"Varian Medical Systems","Health Care",111.38,111.06,"0.00 x 800","0.00 x 800","110.68 - 112.05","97.53 - 130.29","635,054",605128,10.17,1.08,72.01,1.54,"Oct 23, 2018 - Oct 29, 2018","N/A (N/A)",12/2/1998,122,NULL
VTR,"Ventas Inc","Real Estate",57.8,57.61,"47.00 x 1000","0.00 x 3200","56.84 - 57.85","46.55 - 69.92","1,484,154",2217185,20.44,0.31,16.38,3.48,"Oct 25, 2018 - Oct 29, 2018","3.16 (5.46%)",6/29/2018,55.69,NULL
VRSN,"Verisign Inc.","Information Technology",153.35,152.31,"138.00 x 800","153.32 x 1200","152.31 - 154.65","97.38 - 159.11","549,724",823742,18.64,0.74,39.42,3.88,"Oct 24, 2018 - Oct 29, 2018","N/A (N/A)",5/5/2011,155.67,NULL
VRSK,"Verisk Analytics",Industrials,116.7,116.25,"116.25 x 1100","117.02 x 800","116.00 - 117.46","78.97 - 118.13","374,565",756400,19.26,0.55,32.21,3.63,"Oct 29, 2018 - Nov 2, 2018","N/A (N/A)",N/A,120.86,NULL
VZ,"Verizon Communications","Telecommunication Services",53.01,52.93,"45.00 x 900","0.00 x 1100","52.27 - 52.93","43.97 - 54.77","7,979,726",14108318,216.8,0.68,6.96,7.54,10/23/2018,"2.36 (4.48%)",7/9/2018,56.35,NULL
VRTX,"Vertex Pharmaceuticals Inc","Health Care",175.05,174.41,"171.00 x 800","179.00 x 900","173.86 - 175.93","136.50 - 183.39","437,164",1572573,44.68,1.86,108.38,1.61,"Oct 23, 2018 - Oct 29, 2018","N/A (N/A)",N/A,196.52,NULL
VIAB,"Viacom Inc.","Consumer Discretionary",30.34,30.39,"30.34 x 800","30.50 x 39400","30.13 - 30.51","22.13 - 35.55","2,067,211",3131790,12.47,1.63,5.66,5.36,"May 2, 2018 - May 7, 2018","0.80 (2.80%)",9/14/2018,34.5,NULL
V,"Visa Inc.","Information Technology",140.01,139.88,"139.74 x 900","0.00 x 900","139.25 - 140.74","100.75 - 143.14","6,523,759",7333131,310.92,0.97,34.11,4.1,"Oct 23, 2018 - Oct 29, 2018","0.84 (0.60%)",8/16/2018,157.62,NULL
VNO,"Vornado Realty Trust","Real Estate",73.29,73.02,"65.00 x 800","0.00 x 800","72.75 - 73.46","64.13 - 80.30","776,475",936201,14.76,1.06,151.56,0.48,10/29/2018,"2.52 (3.45%)",8/3/2018,78.92,NULL
VMC,"Vulcan Materials",Materials,112.91,112.18,"0.00 x 1400","133.25 x 800","110.42 - 112.48","108.17 - 141.20","1,116,018",1199721,14.62,0.85,22.92,4.82,"Oct 30, 2018 - Nov 5, 2018","1.12 (0.98%)",8/21/2018,139.75,NULL
WMT,Walmart,"Consumer Staples",89.01,88.7,"60.76 x 1200","0.00 x 1000","88.65 - 90.37","77.50 - 109.98","8,244,853",7832106,266.11,0.42,30.09,3,8/16/2018,"2.08 (2.31%)",8/9/2018,94.44,NULL
WBA,"Walgreens Boots Alliance","Consumer Staples",66.17,65.78,"66.49 x 800","66.55 x 2200","65.54 - 66.51","59.07 - 83.89","4,610,852",7473600,65.99,0.88,15.65,4.25,"Oct 23, 2018 - Oct 29, 2018","1.76 (2.65%)",8/17/2018,71.05,NULL
DIS,"The Walt Disney Company","Consumer Discretionary",114.16,113.58,"104.30 x 1100","116.50 x 1300","112.40 - 113.80","96.20 - 117.90","5,740,222",8319204,167.53,1.25,14.23,7.92,"Nov 7, 2018 - Nov 12, 2018","1.68 (1.47%)",7/6/2018,119.16,NULL
WM,"Waste Management Inc.",Industrials,90.14,90.15,"85.01 x 1800","0.00 x 800","89.69 - 90.45","75.09 - 90.71","2,084,527",1990387,38.56,0.66,18.01,4.99,"Oct 24, 2018 - Oct 29, 2018","1.86 (2.07%)",6/7/2018,96.33,NULL
WAT,"Waters Corporation","Health Care",191.95,191.27,"112.09 x 800","0.00 x 900","189.14 - 191.88","177.58 - 220.20","327,687",590773,14.64,1.43,299.2,0.63,10/23/2018,"N/A (N/A)",11/26/1996,205.79,NULL
WEC,"Wec Energy Group Inc",Utilities,66.98,67.15,"0.00 x 2200","0.00 x 28000","66.88 - 67.70","58.48 - 70.09","1,943,229",1783478,21.19,-0.09,16.79,4,10/31/2018,"2.21 (3.32%)",8/13/2018,67.55,NULL
WFC,"Wells Fargo",Financials,58.44,57.38,"0.00 x 1800","0.00 x 1300","57.38 - 58.42","49.27 - 66.31","16,170,067",18462650,279.58,1.27,14.77,3.93,10/12/2018,"1.72 (2.92%)",8/9/2018,62.02,NULL
WELL,"Welltower Inc.","Real Estate",63.46,63.37,"49.50 x 1000","0.00 x 1800","62.90 - 63.80","0.10 - 64.71","1,933,183",2015246,23.49,0.4,42.26,1.49,"Nov 5, 2018 - Nov 9, 2018","3.48 (5.48%)",8/6/2018,63.12,NULL
WDC,"Western Digital","Information Technology",66.11,65.51,"64.95 x 1800","65.13 x 1000","64.68 - 65.97","64.68 - 106.96","3,984,841",3938276,19.39,0.51,29.45,2.2,"Oct 24, 2018 - Oct 29, 2018","2.00 (2.98%)",9/27/2018,106.67,NULL
WRK,WestRock,Materials,55.56,55.2,"0.00 x 900","62.22 x 800","54.58 - 55.41","52.78 - 71.55","1,469,463",1642534,13.87,1.65,7.84,7.02,"Oct 31, 2018 - Nov 5, 2018","1.72 (3.06%)",8/9/2018,72.23,NULL
WY,Weyerhaeuser,"Real Estate",34.44,34.34,"10.05 x 800","0.00 x 4000","34.03 - 34.41","30.95 - 38.39","2,490,524",4036715,25.8,1.52,26.19,1.3,"Oct 25, 2018 - Oct 29, 2018","1.28 (3.73%)",6/7/2018,37.92,NULL
WMB,"Williams Cos.",Energy,31.79,31.73,"23.56 x 900","0.00 x 1400","31.45 - 32.05","24.00 - 33.67","121,608,235",10781976,26.32,1.99,13.15,2.42,"Oct 30, 2018 - Nov 5, 2018","1.36 (4.31%)",6/7/2018,33.94,NULL
WLTW,"Willis Towers Watson",Financials,151.61,150.71,"144.09 x 800","156.40 x 800","149.26 - 151.07","142.67 - 165.00","410,279",533820,19.58,0.96,46.1,3.25,"Oct 31, 2018 - Nov 5, 2018","2.40 (1.56%)",6/28/2018,172.56,NULL
WYNN,"Wynn Resorts Ltd","Consumer Discretionary",152.32,150.98,"147.25 x 1000","147.92 x 1100","147.66 - 150.98","126.78 - 203.63","3,848,410",2590107,16.13,1.9,29.57,5.02,"Oct 24, 2018 - Oct 29, 2018","3.00 (1.95%)",8/15/2018,195.73,NULL
XEL,"Xcel Energy Inc",Utilities,47.64,47.73,"45.03 x 2900","49.00 x 800","47.46 - 48.26","41.51 - 52.22","2,286,592",3020554,24.2,-0.04,19.64,2.42,"Oct 24, 2018 - Oct 29, 2018","1.52 (3.21%)",6/14/2018,48.58,NULL
XRX,Xerox,"Information Technology",47.64,47.73,"45.03 x 2900","49.00 x 800","47.46 - 48.26","41.51 - 52.22","2,286,592",3020554,24.2,-0.04,19.64,2.42,"Oct 24, 2018 - Oct 29, 2018","1.52 (3.21%)",6/14/2018,48.58,NULL
XLNX,Xilinx,"Information Technology",73.43,72.19,"71.16 x 1000","73.49 x 1100","70.58 - 72.42","60.12 - 77.96","1,962,238",2156720,18,0.76,33.3,2.14,"Oct 23, 2018 - Oct 29, 2018","1.44 (1.96%)",8/7/2018,78.11,NULL
XYL,"Xylem Inc.",Industrials,76.69,76.47,"0.00 x 900","82.00 x 800","75.72 - 76.71","58.62 - 79.83","883,581",1213148,13.62,0.86,37.16,2.04,10/30/2018,"0.84 (1.09%)",5/23/2018,83.31,NULL
YUM,"Yum! Brands Inc","Consumer Discretionary",82.73,82.29,"0.00 x 800","113.00 x 800","82.07 - 83.30","72.61 - 88.07","1,915,548",2032887,26.46,0.47,17.64,4.7,"Oct 31, 2018 - Nov 5, 2018","1.44 (1.76%)",5/15/2018,88.5,NULL
ZBH,"Zimmer Biomet Holdings","Health Care",123.74,123.21,"0.00 x 1100","169.97 x 1200","121.82 - 123.39","104.28 - 129.34","683,529",1027129,24.94,1.26,14.83,8.27,"Oct 30, 2018 - Nov 5, 2018","0.96 (0.77%)",6/28/2018,136,NULL
ZION,"Zions Bancorp",Financials,53.15,52.58,"51.50 x 800","54.20 x 800","52.50 - 53.34","41.23 - 59.19","1,706,839",2084762,10.37,1.49,16.37,3.24,"Oct 22, 2018 - Oct 26, 2018","1.20 (2.24%)",8/15/2018,59.52,NULL
